,ID,location
0,3240328824,"Michigan, USA"
3,964508088,"Burbank, California"
4,380656026,Garland Texas
5,2978810988,Phoenix
6,118862053,Southern California
7,2241239400,Las Vegas 
9,45662267,"Quad Cities, IL"
10,840200192,CALIFORNIA
12,549700743,Chicago
13,3287840677,"Laguna Beach, CA"
14,66842124,"Los Angeles, CA"
17,349360797,Hillsboro 
18,1120375015,"2640 Stange Road, Ames IA 5001"
19,1623360134,Houston Tx/ Taylor Tx
20,1494373075,New jersey 
22,2830303002,Utah
23,16827432,"Blacksburg, VA"
25,573047637,"Nashville, TN"
26,198775075,detroit/chicago/orlando
27,519567807,"Zap Gay Bar, NYC"
28,2203169537,west Chester
29,3352633094,"Miami, FL"
30,543438005,"Carmel, IN"
31,454553825,"Memphis, TN"
32,483230016,Miami
33,766049077,"gettysburg, PA"
34,1968043831,"Worcester, MA"
35,388834878,Boston
37,71687279,Boston
40,2304485070,new york 
41,462032517,"Long Beach, California"
43,4920649989,"New Orleans, LA"
44,3222639894,"Lakeland, TN"
45,94646743,"Yonkers, NY"
46,30680546,New York
47,497436361,lombok. INA
48,1077373754,Wood Middle School
49,487932857,"Madison, WI"
51,423420620,"Virginia, DC Metro-Area"
52,938649985,mississippi
53,2570304765,"new wilmington, pa"
54,28205375,"888 Newark Ave,Jersey City, NJ"
56,1355727036,"preston,MO"
57,63680282,"Romsey, Hampshire"
59,2480242442,"USA, Oregon"
60,56616046,Indiana
61,4754969065,"Minneapolis, MN"
62,2224317143,Florida
63,363612508,California
64,963588882,New Jersey
65,34130283,dallas
66,611133138,"Los Angeles, CA"
67,31566641,san francisco
69,2982730233,"Ohio, USA"
70,88766838,"Dallas, TX"
71,3874177192,London / Manchester 
72,3044781899,Upstate NY
74,35619118,"Bradenton, FL"
75,196053681,Seattle WA
76,328774343,"South Bend, IN"
77,26924613,"Tampa, FL"
78,37442341,"Raleigh, NC"
79,1244948804,birmingham alabama
81,250611323,"Atlanta, GA"
83,3257485423,"San Francisco, CA"
84,104055710,"New York, NY"
87,2671959228,"Fort Worth, TX"
89,88751914,"Olympia, WA"
90,856490683,"Chicago, IL"
91,851850522,Ohio
92,1541777096,North Carolina
93,403338075,"Glendale, California"
94,430331350,"Lincoln, NE"
95,349397714,"Nevada,Mo"
98,41270529,VA
99,11194322,"Ellicott City, MD"
100,1934798071,"Bangor, Maine"
101,101154698,Vancouver
102,192749219,USA
103,351558922,"Atlanta, G.A."
105,18940818,Pennsylvania... USA...
106,459188846,Texas
107,336940496,houston
108,2986127769,"Nesbit, Mississippi "
109,1601652236,University of Michigan
110,50693458,"Carol Stream, IL"
111,3226237748,"Tampa, FL"
112,65516237,"Portland, OR"
113,46033739,S√£o Luiz - MA
114,4217396098,connecticut 
116,1167863754,"Memphis, TN"
117,630122825,"glendale,ca"
118,3997939333,"Charlotte, NC"
119,91843809,"San Antonio, TX"
120,614354720,Richards Bay
121,2743341892,Nottinghamshire
122,243262858,"Sun Valley, ID"
124,189518936,Boston
125,375780754,Great Lakes State
127,741790663,"East Longmeadow, MA"
128,313548703,Sacramento
129,3032335688,"Tacoma, WA"
131,2343007063,"Tyler, Texas"
132,1861027544,"El Paso, Texas"
133,2191488728,Baton Rouge 
134,2819317262,"Palm Springs city, CA, USA"
135,1612121953,"Jacksonville, Florida"
136,80103192,"Portland, Oregon"
137,234048691,"LaPorte,Tx"
138,388231318,japan missouri
139,69648782,"Knoxville, TN"
140,78131136,Chicago
141,1074408199,New York
142,4801121838,NY
143,207652100,Ohio
144,1866422622,batam centre
145,104599380,Kings Cross via Surrey
146,66321082,FL
147,352033409,"Clinton, IA"
148,252047651,alexandria
150,418129404,Manchester
152,3075276820,"Deer Park, NY"
155,18592278,Ottawa
156,412034931,Pennsylvania made and raised!
157,3391432931,"West Fargo, ND"
158,3903966950,"Buffalo, NY"
159,1173977576,"Independence, MO 64050-2203"
160,735831661,"Fayetteville, NC"
161,480840517,San Francisco
162,17760399,Whitstable kent
163,707827190,"University City, MO"
164,16417558,"Georgia, USA"
165,166429104,Texas
166,2265237584,Florida
167,23855046,"Shoreline, WA"
168,1536787718,West Chester
169,523062850,Manchester
170,1308396007,California 
171,2287343654,"Rocky Top Tennesee, USA"
175,71288137,north salt lake
177,271183879,Houston!
180,737429455,Houston
182,125891593,"California, USA"
183,261023562,"San Antonio, TX"
184,505475510,south carolina
185,155676675,"Farmington, MI 48336"
186,422976232,"Memphis , 10"
187,2790011670,"Washington, DC"
189,3234918741,"Virginia, USA"
190,1576449649,"Inverness, CA, USA"
191,246453107,402 Meeker ave Brooklyn NY
192,4860029872,Georgia
193,4693446492,"Lehigh valley, Pa"
194,803009186,"Austin, Texas"
195,287158903,:) manchester
196,942127994,"Manado, ID"
198,295680278,"Sandusky, OH"
199,3294112980,"Mashpee, MA"
200,358241914,Garden City NY
201,2990457166,"Monticello, IL"
202,28349916,Houston
203,343705671,Southern California LA
204,3236249998,"Santa Ana, CA"
205,2389530404,"Haverhill, Massachusetts"
206,505013164,"Milton, KY"
207,203127307,"New York, USA"
209,704969468,"Cincinnati, OH"
210,360146077,illinois
211,441960584,Tennessee
212,190705548,"West Palm Beach, FL"
213,62053804,"Detroit, MI"
214,417005101,"Honolulu, O'ahu"
215,343082881,"WC, IL"
216,3268968804,"San Francisco, CA"
218,270647097,"Oakley, KS"
219,1628718338,Visalia
220,14248433,"Austin, Texas"
224,488546746,"Portland, OR"
225,27428170,Florida
226,954620376,Santa Rosa 
227,2481393517,"Fort Lauderdale, Fl"
228,218963562,"Chicago, IL"
229,387036981,nova milanese
230,292999388,Michigan
231,3348446659,"Knoxville, TN"
232,1179579620,"Mid-Atlantic, USA"
233,2564138761,York
234,194079848,"Kinston, NC"
235,372542478,"MONROE,LA"
236,213218102,"BAIDYABATI, HOOGHLY"
237,2735940413,"Beacon Hills, CA"
240,388430419,"Massachusetts, USA"
241,2989115726,Los Angeles
242,856310870,Greece
243,2708302099,Michigan
244,3056696627,"Ames, IA"
245,16496110,"Seattle, WA"
248,2700793852,"Baleendah, bandung"
249,1220061684,Jersey
250,274118465,New York
251,2347701008,BONE_Sulawesi Selatan
252,251159922,"Searcy, AR"
254,2282671441,United Kingdom
255,272001885,algerie 
256,32568711,NJ/NY
257,585434657,"London, Ontario"
258,1257308191,FloRida
259,2832261145,"Carrollton, TX"
260,522380748,KSA-East Region
261,4784517635,"Henderson County, Kentucky"
262,195826705,Xenia Ohio
263,1263527372,"Waverly, IA"
264,2341114219,"new york, la, london"
265,153850786,orlando fl
266,2653571588,Louisiana
268,23699979,"Qnz, New york"
269,3245081123,"San Jose, CA"
270,1324952436,"New York,USA"
272,196361141,"Newport, Rhode Island"
273,91611787,"St. Louis, Missouri"
276,992213304,USA North Dakota
277,264372055,"Middlesex County, New Jersey"
278,4855782543,"New York, NY"
279,3016876052,billings 
280,47283739,utah
281,1241388672,Tellico Village Tennessee
283,530939599,"Canada, Vancouver"
284,139946557,Colorado Springs
285,385615792,"West Palm Beach, Fl "
286,258777258,"Toronto, Ontario"
287,374211598,"Chicago, IL"
288,996864624,WORLD
289,4847744890,"Clarksville, TN"
290,164067770,BRASIL
291,1658614549,"Jonesboro, AR"
293,169882131,Minneapolis
294,480694326,connecticut
295,183578438,Bristol
296,386965155,Las Vegas
297,1335981702,"Baldwin Park, CA"
298,2324875070,"South Carolina, USA"
299,306031955,"Wayne, PA"
300,56717730,"West Plains, MO"
301,158752590,New York. USA
302,718268295,"Winder, GA"
305,177077882,illinois
307,865202498,"Ventura, California "
308,85885287,"Palmyra, VA 22963"
309,2956852709,West New York
310,297116653,"Ohio University (Athens, OH)"
311,615753876,"Pinfold Lane, Walsall, UK"
312,2468783964,"Somersworth, New Hampshire"
313,261268933,"Libertyville, IL"
314,2663927144,Edinburgh
315,304141775,"Washington, DC"
316,633124699,tampa
317,2333950363,Florida
318,2494853340,"Rochester, NY"
319,403010987,"Hamden, CT"
320,188192356,Philadelphia
321,29359267,oregon
322,1253460290,Dallas
323,3591699195,"Cambridge, MA"
324,890223685,Williamsport TN
326,3179333726,RockSprings wyoming
327,220515178,Headed towards the SKY!!
328,38464279,"Davis, CA"
329,1417857392,Surabaya
330,524632620,"Lombardy ln 3130, Dallas, Tx"
331,845720173,SANTA ROSA CITY MARAVILHOZA
332,2302955834,"SUB , ID"
333,50837750,"Chicago, Illinois"
334,2216385385,Macei√≥ AL
335,2305734975,"Palm Beach County, FL"
336,64125600,"California, USA"
337,556422703,"Lyndon, KS"
338,3920610869,"Atlanta, GA"
340,18105235,"Spokane, WA USA"
341,1669916370,"space coast, florida, usa"
342,24136055,"Vancouver, BC"
343,2451253550,"Fayettville, AR"
344,300932784,Alabama
345,276749158,"Moncton, New Brunswick"
346,169044043,Florida
347,371569565,South Gate 
348,247972137,"Oakland, Ca"
349,4017669138,"Temecula, CA"
350,21250807,Leeds
351,140545283,"Milwaukee, WI "
352,491787967,MCKINNEY.TX
353,2871639595,"Washington, USA"
354,20243434,Manchester
355,55213034,"Hell, MI"
356,82267499,"Tallahassee, FL"
357,55525980,"San Francisco, CA"
359,38103484,"New York, NY"
360,16700696,PA
361,278055752,"Toronto, Ontario"
362,1359214688,"New York, USA"
365,2609991045,"New Mexico, USA"
366,445780512,"Lone Jack, Missouri"
367,139859434,North Carolina
368,1106928114,"Ontario, Canada"
369,1708130461,Chicago IL
370,205307376,NC
371,354310491,Plymouth
372,2832923873,"USA, Arizona"
373,1547822084,Rondon√≥polis MT
374,196872323,New York
375,2305427185,"Ovid,New York"
376,859183807,"dorena, oregon"
377,524438678,stafford
378,2447976895,NY
380,14465920,"Baton Rouge, LA"
381,1183761666,rockville
382,423503631,Rockport WV‚úàÔ∏èVienna WV
383,385476820,"New York, NY"
385,591651382,algerie
386,2797694817,miami 
387,2969863988,"Los Angeles, CA"
388,168258225,"waco, Texas"
389,246220573,The Lake District
390,128619013,fort lauderdale
391,1431016231,United Kingdom
392,1370582066,MEMPHIS TN
393,508352042,SURABAYA
394,459916541,King's Landing
396,75809761,Lake worth Fl
397,27762642,"Omaha, Ne"
398,2383935668,ASA‚ô•
399,743361266,Clermont Ferrand
400,248329295,"Glen Burnie, Maryland"
401,17945499,"Wheatfield, IN"
402,30801572,"DETROIT,MI"
403,61085843,"Chandler, AZ"
404,95712422,"Nottingham, England"
405,2872411492,"Media, PA"
406,3981552117,"Atlanta, GA"
407,368000110,"MYSTIC, CT"
408,368804719,RENNES
409,434716507,Tijuana Baja California
410,372976132,"Atlanta, GA"
411,2986315488,"Taylor, TX"
412,479221453,"CANADA, Richmond "
413,4494141732,"California, USA"
414,50741309,"amber's futon, michigan"
415,3472006587,"Columbia, SC, USA"
416,1593685639,Bacabal-MA
417,1169735617,"Sherwood, AR"
418,472560102,"Green Bay, WI"
419,402946681,T√úRKƒ∞YE/SAMSUN
420,503900905,CANOAS - RS
421,3034914658,indiana
422,15160006,"Minnesota, USA"
423,21821987,Coral Springs
424,18775512,Columbus
425,352141454,SONIABEZERRA
426,443425958,Austin
427,1167626671,"Bryant, AL"
428,151002753,‡∏£‡∏≤‡∏ä‡∏ö‡∏∏‡∏£‡∏µ ( RATCHABURI )
429,254682049,North Carolina
430,3196451312,USA
431,1642852615,tumauini isabela
432,2361386492,odessa florida 
433,297080435,essex
434,1690061490,DKI JAKARTA
435,809538200,Portsmouth 
436,3187646560,Palm Woods
437,100003872,Rockford
438,20924004,Oregon
439,2552002969,Seattle
440,1150204580,"Spangtupat , surabaya"
441,4224793691,"Killeen, TX "
442,1945695942,"San Antonio, TX"
443,963536148,Washington
444,24593084,"Baton Rouge, LA"
445,102768959,"Horsham, PA"
446,501234121,Los Angeles
447,342895427,Boston
448,965263093,"San Jose, CA"
449,248815214,"Newburgh, Indiana"
450,278205703,"Buckner city, AR, USA"
451,199062969,Richmond Va
452,3319565528,"Grand Forks, ND"
453,715226460,"Arlington, Virginia"
454,2305763404,Entre Pennsylvania y Salem.
455,2263204362,¬∞¬∞_sii pangeran tampan_¬∞¬∞
456,1426855596,@Dra revoluci√≥n MIC
457,401571493,"Ottawa, Canada"
458,547809543,new orlens louisiana
459,2553280354,"Stark Tower, New York"
460,1933403100,"Moraine city, OH, USA"
461,268045384,"Crestline, CA"
462,2829266982,Sacramento
463,149006669,buffalo
464,372887315,"Morristown, TN"
465,149559974,"MTL,25 Robert Pie-1X"
466,180585594,"SJ, PA"
467,416978101,"Bulo,Victoria Tarlac"
468,4664720113,Albq. New Mexico 
469,1035688285,"Texas, USA"
470,740223782,New york
471,14448894,"Las Vegas, NV"
472,144915879,san martin de los andes 
473,18163294,"Birmingham, UK"
474,344729887,Milwaukee Wisconsin
475,1198721418,"Boston, MA"
476,277501652,"Londonderry, NH"
477,598823353,Orlando ‚úà Miami 
478,2462244907,16501 Ventura Blvd. #406
479,2973116361,"Scotland, United Kingdom"
480,74080819,"Queens, NY"
481,105907095,Atlanta
482,820376610,"St Petersburg, FL"
483,62602957,"Tempe, Arizona"
484,61485059,"USA, Texas"
485,303889155,"Hoschton, GA"
486,543793611,West Midlands
487,481294696,Joinville/SC
488,2748662690,Minneapolis
489,428134186,Bristol
490,3386644918,"Hagerstown, MD"
491,35478715,Chicago
492,192588393,"greece,arta"
493,380671506,"San Marcos, TX"
494,400394369,mesa az
495,548139375,"Andover, Minnesota"
496,586872287,maryland 
497,141596216,ARGENTINA
498,375682514,St.Gallen
499,833417539,"New York, NY"
500,258080292,"Washington, DC"
501,146904712,Wichita 
502,91368398,"TOKYO, JAPAN"
503,398887780,Little Rock
504,721402866,"Laredo, TX"
505,294786571,Michigan
506,1366243674,RWANDA
507,376383696,USA
508,69776547,"Greenwood, SC"
509,1091915226,"Villaverde de Medina, Espa√±a"
510,1339882879,"Via E. Bellia, 160 Patern√≤"
511,300673438,ARGENTINA
512,4538918772,WILDSEVENÊâÄÂ±ûÁî∑ÊÄß„É¶„Éã„ÉÉ„Éà
513,3860881738,"Depew, NY"
514,492787128,"Vero Beach, Florida"
515,437638063,Cali ‚úà Boston
516,2458694721,KSA
517,2215034898,"Romeo, MI"
518,25571903,"Pasadena, CA"
519,372402387,"Florida, USA"
520,2236677444,"New Orleans, Louisiana"
521,109994172,New York City/New Jersey
522,4633647494,"Riyadh, Kingdom of Saudi Arabia"
523,70896599, galveston texas
524,954146946,maine
525,32461760,"Oregon, USA"
526,1855590656,"Salem, VA"
527,3606025754,"Winston-Salem, NC"
528,2648730427,"Boston, MA"
529,498920431,Florida
530,225484278,Chicago
531,3021630420,Minnesota 
532,3130936096,Puerto Cabello
533,582237073,USA
534,52087613,michigander
535,418342213,"Moundsville, WV"
536,298611641,EARTH!!!
537,239848115,South Mississippi
538,3846672975,Frederick
539,142090122,"norwhack,CT"
540,2363669016,"Portland, OR"
541,921981601,PACHO CUNDINAMARCA
542,3227335341,DHAKA.BANGLADESH
543,489719612,"Honolulu, Hawaii "
544,230792602,"Albuquerque, NM"
545,1480551740,Chicago 
546,3189692835,boone
547,69141698,Ontario
548,476179986,The Jersey Shore
549,2576070100,orlando
550,2694787341,United kingdom
551,194444263,"Athens, VT"
552,104550774,"Brooklyn, NY"
553,1436914213,santa barbara do oeste 
554,1256925481,"Savoy village, IL, USA"
555,2612779100,"Chicago, IL"
556,134708331,Michigan
557,49557244,Las vegas
558,283854436,"Alexandria ,la"
559,49431533,Colorado
560,2253369144,"Bristol, England 14 May 2020"
561,251177702,los angeles
562,516579716,"Attiki, Greece"
563,185267213,"Roseburg, Oregon"
564,427727829,"Washington, USA"
565,259698072,Michigan
566,582041328,Lebanon
567,1480595048,Michigan
568,1529222612,Louisville KY
569,248528962,Seattle
570,3221229871,"Bensalem, PA"
571,233848957,Surabaya
572,1390756272,"laredo,texas"
573,466310768,Oklahoma
574,169508804,Xanxer√™ SC 
575,321508451,new york city
576,116276439,"Woodstock, Georgia"
577,169935204,"Washington, DC"
578,869340734,spacewalking 
579,396183408,"Dover, Kent United kingdom"
580,2464878724,tampa fl
581,3196372143,"Bowling Green, OH"
582,1636330723,"Houston, TX"
583,575157807,Planet Earth
584,15938799,"Atlanta, GA"
585,411821862,guadalupe
586,2275012886,"Wilton,New Hampshire"
587,199924462,houston tx
588,15142247,"Portland, OR"
589,712536859,"Roxborough Park, CO"
590,3345477809,"Missouri, USA"
591,994449302,"ORLANDO Florida, USA"
592,526012687,North Carolina
593,242407591,VENEZUELA - CHILE - EEUU
594,2186978789,maine
595,483438937,valle de santa maria
596,991754592,"Atlanta, GA."
597,3304666976,"Connecticut, USA"
598,1924487684,"Los Angeles, CA"
599,416845282,"Valley Springs, CA"
600,41525830,USA
601,368203133,"Queensland, Australia"
602,832812385,"Mooringsport town, LA, USA"
603,3031423095,CRETA GREECE
604,3721958837,United Kingdom
605,2737487633,NC‚úàGA
606,53486878,USA
607,1157745978,Charlotte nc
608,47605874,NORWAY
609,702420846,vancouver
610,31796118,"Maring√°, Paran√°, Brasil"
611,2603538961,Kosovo   California-New yourk
612,57441910,Denver
613,105836808,"California, EEUU"
614,344219754,NY
615,193834301,"Racine, WI"
616,199738297,"Syracuse, NY"
617,939651049,Antioch California
618,950274228,"Norfolk, VA"
619,1956928609,"Denver, CO"
620,339059939,texas
621,263428253,California
622,1703745451,New Jersey
623,75898732,"Fayetteville, North Carolina"
624,81152698,"Virgnia Beach, VA"
625,32571537,"Florida, USA"
626,15697229,"Columbus, OH"
627,1649367716,"Miles City, MT"
628,536912973,"Chicago,Illinois"
629,3665601,"Hyattsville, MD"
630,347316351,maine
631,2532506952,Kentucky
632,1384646612,"California, USA"
633,89189008,Bronx
634,1101490934,"San Francisco, CA"
635,277789587,"Memphis, MO"
636,853693291,Phoenix
637,23528133,Texas
638,2305778192,Ohio
639,1527882074,Dubay-Saudi arabia
640,479155021,"Texas, USA"
641,328306583,"Santa Cruz, CA"
642,90335361,Boston
643,393695974,"Derby, CT"
644,25574359,Los Angeles
645,3731253497,~1MD Marty mi segue~ 
646,43269359,Miami
647,16781814,San Sebastian
648,2566495379,Aurora Skies
649,291129548,EARTH
650,3060729515,"Virginia, USA"
651,271236311,"Delaware, USA"
652,248672202,Lebanon
653,190089913,CANTON OHIO
654,885579768,"Terrell, Texas"
655,159084110,"Philadelphia, PA"
656,2523768221,United Kingdom Liverpool
657,3022389073,Surabaya
658,2895987320,"Utah, USA"
659,1416710214,"Boston, MA"
660,122395811,"Powell, OH"
661,2643928499,Newark NJ
662,14255630,New York City
663,3254424433,"Oklahoma, USA"
664,588373934,Nginden Semolo 18a Surabaya
665,1939721514,"Kingston, Jamaica"
666,3488674992,"Denham Springs, LA"
667,1525709640,"Glendale, Ky. 42740"
668,2181969769,"Poynings, Sussex"
669,2161509865,"Las Vegas, NV"
670,705915338,"Wolf Lake, MI, USA"
671,1104035972,"Prairie Rose city, ND, USA"
672,300108676,Samarinda
673,4785757222,"Phoenix, Arizona"
674,105037775,United Kingdom
675,966926606,"Bristol, RI"
676,177575666,atlanta
677,61409750,"Kitsap County, Wa"
678,128500921,INDIA!!
679,267060394,"brooklyn, NY"
680,619706192,INSIDE YOU
681,3503540657,"Atlanta, GA"
682,2271929338,2900 West Chester Pike
683,3222960732,"St.louis, Missouri"
684,293084855,"Cuyahoga Falls, OH"
685,424830465,Oklahoma 
686,2159080884,"Windsor, Ontario"
687,2613159552,"Queensland, Australia"
688,2197942486,boston mass
689,2750978945,norfolk 
690,62926357,"Austin, Texas"
691,89760582,Detroit
692,723500960,"MN, Edina"
693,2602341860,Kansas
694,2358828086,"Queens, NY"
695,2734504126,Manchester
696,1270428487,New York
697,2558080022,"Wisconsin, USA"
698,408232455,"West Sayville, NY"
699,4119343398,"Hollywood, Los Angeles"
700,3019338916,"White Plains, NY USA"
701,952431038,"Tempe, AZ"
702,52441167,"Pittsburgh, PA"
703,1087618524,"Kingsburg, CA"
704,429159699,MOADABAD
705,81401395,Illinois
706,3350667689,"Chicago, IL"
707,328909987,Albany Western Australia
708,2458479624,New York
709,709527770,Leeds UK
710,191594716,montclair CA
711,2746421231,USA
712,503337219,Ohio
713,115909195,Hawaii
714,2397663099,King William's Town
715,500731883,Philadelphia
716,528591286,minnesota
717,161850188,austin tejas
718,298634895,NEW YORK
719,24521837,"Radcliff, KY"
720,2796026987,"El Paso, TX"
721,380310003,Wisconsin
722,3383234284,"Kendall, FL"
723,4131217878,"Crete, NE"
724,3300808139,Alabama
725,760346756,"Los Angeles, CA"
726,606186779,GALATASARAY SK
727,32625618,"Fairfield, Ohio"
728,2832451328,"Beebe, AR"
729,454497145,London Ontario
730,31498409,Peterborough Ontario
731,1345479181,Atlanta GA
732,419758470,ROVIGO
733,197057788,"Hillsboro, TX"
734,188025091,Pittsburg Ca..
735,2181814215,Kingdom of Saudi Arabia
736,70431874,Eugene
737,1273189746,"Alexander, North Dakota"
738,361929402,"Orlando, FL"
739,2810324641,Visalia California
740,123956435,"Ottawa, Ontario"
741,481674671,Coral Springs Florida 
742,40740839,"Chicago, IL"
743,550551473,"Andover, MN"
744,260932571,"Chicago, IL"
745,76474470,Arkansas
746,195239109,BRIM 232
747,2681302682,"Melbourne, Victoria"
748,189279211,"Staten Island, NY"
749,547843314,LAHORE- PAKISTAN
750,114584267,"Fairhope, AL"
751,366400285,"Saranac, Michigan"
752,882849900,"Miami, Florida"
753,352454045,"Bronx, New York"
754,2896990771,Hawaii
755,325805632,"Franklin, Wisconsin"
756,1599215132,Houston
757,68363284,Bristol
758,358343865,"Michigan, USA"
759,147290277,"Lakewood, CO"
760,588664907,Kingdom of Saudi Arabia
761,1116864451,edinburgh
762,1626048301,follow me i will follow back
763,1169537648,"Maine, USA"
764,150865182,Detroit
765,79083586,"Anderson, IN"
766,235151650,Kansas
767,2842779522,"Pomona, CA"
768,972944208,"Irvine, CA"
769,237175022,"hamilton, OH"
770,340336607,ARQUIDIOCESE DE VIT√ìRIA-ES
771,978703644,"Leeds, England"
772,436026756,United Kingdom
773,2322697367,"Boston, MA-Riyadh"
774,371011552,"Omaha, NE"
775,388897449,"Pittsburgh, PA"
776,381433013,"New Bedford, MA USA"
777,1356108632,"San Diego, Edo. Carabobo."
778,561246604,virginia beach
779,163276742,Henderson
780,4135314312,"Virginia Beach, VA"
781,2396332500,USA
782,133847607,"Saint Peter, BA, ARG"
783,2873019431,"North Carolina, USA"
784,1161084242,"Ithaca, NY"
785,467824702,"Mitchell, SD"
786,410493146,"San Diego, CA"
787,2369766727,Denver CO
788,795504266,Hawaii
789,217273302,"Central Florida, Ocala"
790,622454747,california
791,26404242,"Texas, USA"
792,3364842725,Arkansas
793,138443342,"Chester, UK"
794,19632997,"Decatur, AL"
795,1389364652,Manis„ÉÑ„ÉÑ19_03_2001„ÉÑcherrybelle
796,1932402325,Memphis
797,2466270407,"Seattle, WA"
798,207993550,"San Francisco, Agusan del Sur"
799,246650043,"Corpus Christi, Texas"
800,2810032210,EMEA
801,294937772,Charlotte
802,137438339,"Chciago, IL"
803,491436113,"PARADISE, PA "
804,268771299,"New York, USA"
805,731223541,Leeds
806,272332613,"Warwick, NY"
807,2716449467,"Santa Barbara, CA"
808,1381954280,PARIS
809,514941014,PA
810,2452264908,"London, Ontario"
811,2566477264,"Virginia, USA"
812,2612521231,"Wisconsin, USA"
813,581560223,"THIPPASAMUTHRAM,VELLORE"
814,43311460,SIN | KUL | LDN
815,754556174,"Alexandria, Egypt"
816,268939027,"England, United Kingdom"
817,80920047,"Norfolk, VA"
818,227826551,"osceola,mo"
819,166401964,"Provo, UT"
820,427772113,Ontario
821,2756778154,New Jersey 
822,1616179657,"Los Angeles, CA"
823,963022968,"United Kingdom, Wales"
824,1703305860,"Alliston, Ontario"
825,624467234,"Eustis, FL"
826,188896604,"Los Angeles, CA"
827,171705310,Glendale CA
828,2538691539,"Wales, United Kingdom"
829,19719273,"Nashville, TN"
830,1496947675,wdmckinney@sbcglobal.net
831,608382333,New York (:
832,71312637,Gila Bend
833,2251601216,SIDOARJO
834,2464508418,"Webster Grvs, MO, US
"
835,201462662,Los Angeles
836,494914539,"New Jersey, USA"
837,183493391,"Cleveland, OH"
838,29030555,"Dallas, Tx"
839,798634783,south bend
840,3066071372,"DeLand, FL"
841,218731011,"Victoria, Australia "
842,83113176,Eagle Lake
843,238957664,Birmingham
844,419652200,McKinney
845,2972902306,"Dallas, TX"
846,1623799674,"Broadview Heights, OH"
847,2443203500,alex morgan's my spirit animal
848,1126800115,"south,Chicago"
849,1150735327,Sapphire Blue Ocean
850,231433564,NAZƒ∞LLƒ∞ / AYDIN 
851,483742500,"Santa Monica, CA"
852,106168371,Denver
853,182890162,Fontana3(:
854,540241247,Metropolis IL
855,1447703102,"San Antonio, TX"
856,16404139,"Houston, Texas"
857,1098888902,"EDO STATE,NIGERIA"
858,1620613141,Washington
859,1580395682,Bujumubura - Ottawa
860,787874305,"Victoria, British Columbia"
861,400160034,"Seattle, Washington"
862,1272212502,Di DURI
863,493240188,"Gloucester, England"
864,139567304,New York
865,221694528,Lincoln
866,131052561,Texas
867,300984515,"Atlanta, GA"
868,186512783,Inglewood 
869,1741321268,Colorado
870,2614220707,AZ
871,370945519,St. Louis
872,19198336,Atlanta Georgia/Virginia Beach
873,101401750,"ATL,Detroit,MIA, LA"
874,4357916060,"Burley, ID"
875,73707951,"Mandeville, Louisiana"
876,82538250,"Texas, USA"
877,1240285724,Hudson
878,2225986566,"Tijuana, Baja California"
879,1731061266,"United States, Hawaii"
880,244042852,"Nepean, Ontario, Canada"
881,270458731,VA
882,55998435,CALIFORNIA
883,1110704089,meridian ms
884,2286271589,Lebanon
885,65185651,"Elma, Washington. "
886,309305579,"Florida, USA"
887,214342397,Philadelphia
888,957664898,Kingdom of Saudi Arabia
889,141438968,"San Diego, California"
890,3570233301,"Fort Wayne, IN"
891,2495605415,Ottawa
892,274814307,"Charlotte, NC"
893,1191497371,"Lake City, FL"
894,49231457,"Normandy, tn"
895,1175242016,Kab.TULUNGAGUNG
896,769917656,seattle
897,737085032,buffaloNY
898,2595027326,"Texas, USA"
899,1232159210,"San Jose, CA"
900,19671361,"Charlotte, NC"
901,2945160077,"Oak Hill, FL"
902,3883748914,"Pueblo Libre, Peru"
903,55030689,Petoskey MI
904,35099504,south georgia
905,759548864,"Edinburgh, Scotland"
906,2581037721,GUATEMALA 
907,2809912483,"Fishers, IN"
908,219262507,Oregon
909,168309321,"Ontario, Uxbridge"
910,43906087,"Georgia, USA"
911,277179964,Curitiba PR
912,256171581,"Washington, DC"
913,295728034,"Dehradun, INDIA"
914,317812839,Bristol
915,2903118425,"Coral Springs, FL"
916,43790882,Manchester UK
917,2915951979,sussex
918,166678909,"Southlake, TX"
919,496705759,"Ellenburg, NY"
920,3321494453,"Menlo Park, CA"
921,476311977,Alexandria
922,2645603245,"St Augustine, FL"
923,4388789614,NYC
924,24018613,Chicago
925,4413180142,"Mississauga, Ontario"
926,1631546018,Howard City
927,2488589082,"Las Vegas, NV"
928,3174376276,"San Francisco, CA"
929,490631720,San Diego
930,148544902,"sioux city, IA"
931,3414080338,"Lewis Center, OH"
932,395420519,PA
933,172574990,"Lafayette, IN"
934,490667600,Dallas
935,1098032527,BHOPAL 
936,245790201,"Keswick, The Lake District"
937,772672550,"Gallatin, TN"
938,191113789,"perth, WA, Australia "
939,1929355440,USA
940,2868314007,"Long Island, NY"
941,288415179,under a rock o_O
942,2529476916,"Tabaco, Albay"
943,291852892,‚úà IG MONEYMAKINMITCH6
944,499832815,"Michigan, USA"
945,2589680586,BOLIVIA
946,4903250246,"Honolulu, HI"
947,186475809,"Texas, USA"
948,529006723,Norwalk
949,565729627,"Al Khobar, Kingdom of Saudi Arabia"
950,1554562070,New Jersey USA
951,371391745,San Juan Macias - Callao
952,1084650901,"Houston,TX"
953,490008632,"Norfolk ,VA,"
954,68205511,San Francisco
955,3371575931,"Clewiston, FL"
956,2988959746,"Woonsocket, RI"
957,1035578953,"Kerkyra, Greece"
958,32052223,"New York, NY"
959,2599997172,"Glen Burnie, MD"
960,271583843,Southern Ohio
961,177265155,Philadelphia
962,801554413,"Florida, USA"
963,183539213,Mesa
964,139228600,CANADA
965,1455726348,WARANGAL
966,2440381992,"La Push, Washington"
967,254939369,"ashford, kent"
968,769787382,Upstate NY
969,1475602998,"103 W.70th Street,New York,NY"
970,232215799,"Lake Charles, United States"
971,1659092496,"santa monica, ca, usa"
972,982817048,"Rincon,Georgia"
973,422682034,ST.LOUIS MISSOURI
974,715296115,"Scarborough, CA"
975,345757767,NIGERIA
976,190987172,"Maryland, USA"
977,128817596,"Ocala, FL"
978,2973589700,"Ontario, Canada"
979,2148991910,"Knoxville, TN"
980,1576004544,"Calabash, North Carolina"
981,66823292,Houston
982,787641494,Orlando fl 
983,3341113218,"Demotte, IN, US, 46310"
984,41736103,North Carolina
985,2400785120,Vancouver
986,3118810025,"Goose Hollow, Portland"
987,2205601279,"Miami, Florida"
988,456359228,New York
989,170037862,South Carolina 	South Dakota
990,601857580,Hollywood
991,73800938,MN via New England 
992,43999073,Portland OR
993,2775138377,"Oakwood town, OK, USA"
994,2746947261,BRAZIL +55
995,2427220758,BATU PAHAT 
996,426412475,"Tulsa, OK"
997,61461696,Jacksonville
998,181344980,Vancouver
999,542943471,"Maple Valley, WA"
1000,281740188,"Mitchell, SD"
1001,25873860,NYC
1002,2889552537,"Woodland, CA"
1003,415499591,out looking for food
1004,100198627,New Mexico Baby
1005,215258746,Birmingham 
1006,2607630511,FL | RP | descriptive
1007,971474779,GA
1008,3809046865,"Mountain Home, AR"
1009,45498869,"Lubbock, TX"
1010,575934336,"Dayton, TN"
1011,405899161,"Los Cabos, Baja California Sur"
1012,180979595,In His will
1013,275383080,"Humble, Texas"
1014,4295144593,"Elizabeth, NJ"
1015,271033595,New Orleans & The Northshore
1016,3863071227,"Orange Beach, AL"
1017,235772803,sunshinee ; Floridaa *
1018,13218612,"asheville, nc usa"
1019,1037891708,"Chattanooga, TN"
1020,523533567,ROCAFUERTE
1021,87585525,"Warner Robins, Georgia"
1022,477498104,Los Angeles
1023,113117297,"New York, USA"
1024,484503823,"Chiclayo, Peru"
1025,2157551401,"Manchester, England"
1026,1877886650,LAS VEGAS
1027,1527036684,moreno
1028,18787309,"Tulsa, Ok"
1029,701853450,"VA, USA"
1030,1336971060,Philadelphia
1031,1072832635,"Vancouver, BC, Canada"
1032,14652711,NYC
1033,815949956,"Thomasville,NC"
1034,141006588,Oregon
1035,4916922832,"Cleveland, OH"
1036,124333598,"Chicago, IL"
1037,885048168,Chicago Illinois 
1038,1087304215,"Georgia, USA"
1039,1509802789,T√úRKƒ∞YE*SAKARYA*SERDƒ∞VAN
1040,271703478,Surabaya
1041,478323289,"Portland, OR"
1042,1609801140,"Florence, Al"
1043,3294248041,"Santa Ana, CA"
1044,1413422912,USA
1045,483522164,"Hawaii, Texas"
1046,1107739134,moreno
1047,101556936,Orlando
1048,1876358480,"Danville city, AR, USA"
1049,137539448,"East Stroudsburg, PA"
1050,2337455742,"Fort Worth, TX üîÑ Houston, TX"
1051,1467695546,clarksville florida
1052,237428234,"Cedar Rapids, IA"
1053,93008475,New York/CT
1054,529919469,Northamptonshire
1055,33421167,"Owings Mills, Maryland"
1056,358107216,INDONESIA
1057,55866871,"Texas, USA"
1058,365706663,Rondon√≥polis  MT
1059,489848134,"Durham, Ontario"
1060,134663775,Chino
1061,858789492,"Athens, GA"
1062,601216998,Saint Martin de Seignanx
1063,66359234,oklahoma
1064,1046439091,"Bronx, NY"
1065,4875447208,"Hampshire, IL"
1066,44208159,NYC-TAMPA-LA
1067,22342645,New Hampshire
1068,367171815,frostproof florida
1069,325292889,"Myrtle Beach, SC"
1070,2500102332,USA
1071,2531011539,New York
1072,733888201,los angeles
1073,527061038,"Clio, Michigan"
1074,316197948,Philadelphia
1075,190074033,"Ranchi, JHARKHAND"
1076,426974623,"Florence, Arizona"
1077,301529520,toledo
1078,3455287639,albay
1079,372086734,"Abuja FCT, Nigeria."
1080,620532162,"Los Angeles, CA"
1081,36465839,Wokingham
1082,1210743518,Surabaya
1083,636622599,santiago de surco.LIMA
1084,1056200238,ARGENTINA
1085,229913773,INDIA
1086,475227021,COLOMBIA
1087,316217946,MEXICO
1088,54080995,"Princeville, NC"
1089,841506217,"Jazan, Kingdom of Saudi Arabia"
1090,2739207550,"Portsmouth, UK/ Zawiya, Libya"
1091,1622085307,"Chicago, IL"
1092,1905145884,West Yorkshire
1093,281940788,Lebanon
1094,1563334514,Universit√© William Booth (rdc)
1095,558453989,"Plano, TX"
1096,2573157632,"Salt Lake City, Kolkata, India"
1097,54794498,KCMO
1098,506585319,"Bristol, England"
1099,440177190,statesville NC
1100,3294066450,"Knoxville, TN"
1101,178151690,"USA, Tennessee"
1102,768006943,Liberty Township Ohio
1103,1270557901,worcestershire
1104,19044834,"New York, NY"
1105,116843408,"Omaha, NE"
1106,23872426,"Phoenix, AZ"
1107,191595691,Maryland 	
1108,293176325,Chicago
1109,433864914,California 
1110,243858758,nottingham
1111,818697145,"Nassau, bahamas"
1112,41024751,San Francisco
1113,2543663489,"New York, NY"
1114,2997038065,PR
1115,613458463,"CANADA, Iqaluit "
1116,3299628708,"Beverly Hills, CA"
1117,3793653373,"Oklahoma City, OK"
1118,437573632,"Lynchburg, VA"
1119,437133107,"Helena, Alabama"
1120,2287674949,"Florida, USA"
1121,143289109,"Washington, USA"
1122,124015087,Washington DC
1123,29091921,"Waco,,,,Texassss"
1124,488605291,Los Angeles
1125,2739131998,Small town in Yorkshire 
1126,63795964,Chicago
1127,806118752,"Union, Mo"
1128,1085632674,westmidlands uk
1129,3366946756,"Cadillac, MI"
1130,2322230877,"Worthington, OH"
1131,247031627,miami
1132,3108407114,THE BIG STATE IN THE MAP
1133,89693439,ZHIBOND CITY
1134,67376515,hamalama@rock.com
1135,106589734,"Knoxville, Murfreesboro"
1136,1099332511,"Hamilton, Scotland"
1137,239585232,Topeka
1138,57209335,"Steubenville, OH"
1139,973845114,NYC and San Francisco
1140,186191236,Miami
1141,4219169729,DLA
1142,57079982,"San Mateo, CA"
1143,760721563, 404 NON FOUND
1144,1330561280,Macassart
1145,3037363823,Benton Harbor MI.
1146,495292400,"Hanover, NH"
1147,34931118,North Carolina
1148,383915600,"Bronx, NY"
1149,2944144767,Kentucky
1150,488018991,"Adel, GA"
1151,1669435506,"Nashvegas, TN"
1152,35924466,Hampton Roads VA
1153,131220717,"Knoxville, TN"
1154,769084261,Albay
1155,3080540891,"Cincinnati, OH"
1156,2705348724,Atlanta
1157,225045926,LOUISIANA
1158,2295148436,"Mexicali, Baja California"
1159,970002859,MADRID
1160,14108411,"San Francisco, CA"
1161,311680910,"Cerro Gordo ,NC"
1162,4857514154,"Santa Rosa, CA"
1163,2491463779,"Fayetteville, NC"
1164,3207868513,"Oklahoma City, OK"
1165,255279174,New York City
1166,3223504027,"England, United Kingdom"
1167,1575543414,"Charleston, SC"
1168,2418547140,INDONESIA 
1169,2843323229,"Texas, USA"
1170,1851793518,ECUADOR
1171,2991796123,"Omaha, NE"
1172,2524442188,"Brooklyn, New York"
1173,3235617554,"Dallas, TX"
1174,238537481,"Perth, WA"
1175,1465193874,"England, United Kingdom"
1176,258481410,"San Antonio, TX"
1177,218043454,Maryland 	
1178,367403071,"wallingford,CT
"
1179,242157646,"Richmond, Ky, USA"
1180,1492497871,Tallinn
1181,2861116716,san francisco de macoris
1182,61228349,IN YA Girl CAR!
1183,2325902395,"Hamilton, ON"
1184,3316354299,"London, Ontario"
1185,542886745,"Shelbyville, TN"
1186,466734162,"Royal Oak, MI"
1187,2845951275,North side Evansville
1188,610275487,GUATEMALA
1189,2576708575,"Bristol, UK"
1190,41321483,San Francisco
1191,438506003,Victoria
1192,4855547373,"Goldsboro, NC"
1193,2734022775,Dorking Surry
1194,161776874,ANY WHERE IN DA WORLD
1195,2278227398,"Excelsior, MN"
1196,500676565,USA
1197,181329408,"Fulton,ms"
1198,2274510020,"Silver Spring, MD"
1199,434567587,Ontario
1200,122162855,san jose
1201,537254405,Seattle
1202,782993971,You will never find me...
1203,227472118,California
1204,725952606,"Phoenixville, PA"
1205,36884428,New York
1206,953018154,"Chicago, IL"
1207,284688240,"Guelph, Ontario"
1208,59132332,St. Louis
1209,3462177437,"North Carolina, USA"
1210,3281058482,"Houston, TX"
1211,17345182,"Seattle, WA"
1212,269789878,Miami 
1213,784432957,Melrose Massachusetts
1214,17916631,"Fort Worth, TX"
1215,1974422540,Chicago
1216,729465342,Peoria AZ
1217,159349823,"Los Fresnos, TX"
1218,199990659,Texas
1219,599818555,"Los Angeles, ca"
1220,345776722,Aurora-Sc
1221,133890928,monterrey nuevoleon mexico
1222,3418451554,Florida State University
1223,3466137982,"New York, NY"
1224,511197271,"Baltimore, MD"
1225,3254876564,"Boca Raton, FL"
1226,19494297,"Vancouver, WA"
1227,240575669,BELO-HORIZONTE
1228,2422603128,utah
1229,73091590,"Thessaloniki, Greece"
1230,2743925659,Houston/Austin 
1231,158134685,"Victoria, British Columbia"
1232,3960203656,Chicago IL
1233,2339106534,Baton Rouge 225
1234,60348854,"Miami, FL"
1235,41944276,"Rockwall, TX"
1236,154552365,LIMA
1237,1578312667,Ohio
1238,17957626,Ohio
1239,478170790,"Hartley, IA"
1240,2885817323,New York
1241,385267620,"Victoria, BC"
1242,532003924,"Anahiem, CA"
1243,360238283,"Boston, Linconshire"
1244,269550725,atlanta
1245,3266672372,Surabaya
1246,377213956,JAPAN
1247,830218116,London Ontario
1248,1703368754,Dickson - Clarksville
1249,280680234,"Concord, Ontario"
1250,255877701,JAKARTA - BANDUNG
1251,4529175972,"Vail, AZ"
1252,273314616,San Diego
1253,111602959,"San Leandro, CA"
1254,218839103,Sacramento
1255,588477898,"California,"
1256,1339103839,"Manchester City Centre, UK"
1257,154097206,"Nottingham, England"
1258,278222820,"Las Vegas, NV"
1259,407905556,‚Ä¢‚ô™ santa cruz de la sierra ‚ô´‚Ä¢
1260,48061385,"Fort Lauderdale, Florida"
1261,2871408012,Houston T.X.
1262,211299411,Entre Planetas Girando
1263,1953554094,"KUCHING,Malaysia"
1264,3231073927,Alaska
1265,2492802164,Lichfield staffordshire
1266,179986788,New Jersey
1267,704119264,San Antonio Texas
1268,306456508,BALIKESƒ∞R
1269,3297853154,"Birmingham, AL"
1270,3454275734,Texas A&M University
1271,14653521,"Hamilton, Bermuda"
1272,47009624,Bluefield West Virginia
1273,41262427,"Seneca, SC"
1274,48113998,Connecticut
1275,504676792,Southampton
1276,633786340,The Ileenium System
1277,88673378,connecticut
1278,519745697,florida
1279,35596235,"Fort Lauderdale, Florida"
1280,339503258,SF Bay Area
1281,468688492,"HYDERABAD, PAKISTAN"
1282,1030396830,United Kingdom
1283,1601172949,New York baby 
1284,1056470227,Curitiba PR
1285,490437284,staten island new york
1286,2347686986,Houston TX
1287,120744982,"Lancaster, England"
1288,1373080118,New York
1289,2340651792,Tennessee 
1290,709494604,"La R√©union, France"
1291,884232625,BALI
1292,16924199,United Kingdom
1293,3566614222,"Eure, Haute-Normandie"
1294,1724352360,Pontianak|Kembayan| Kal-Bar
1295,227486188,NYC
1296,3092835346,"Lexington, Kentucky"
1297,57857238,MEXICO DF
1298,66952897,Los Angeles
1299,716496878,New Jersey
1300,2177045790,Bellaire Texas
1301,520595455,leon guanajuato
1302,21061648,"San Luis Obispo, CA"
1303,502038243,Sugarland 
1304,901973251,"Boston, MA"
1305,1123202226,"saks, alabama"
1306,1064018911,san gallen suiza
1307,79052834,USA
1308,140701721,DETROIT
1309,3164682041,"Kerman, California."
1310,33291228,"Canton, MI"
1311,93552071,Florida and Chicago
1312,1258845378,REAL MADRID
1313,543463102,san antonio de los altos
1314,612971380,"El Paso, TX"
1315,33677451,Memphis
1316,103379850,USA
1317,205836728,"Los Angeles, CA"
1318,527542560,"KUTA,BALI,INDONESIA"
1319,257461758,Indiana & Florida
1320,72910739,"Birmingham,al"
1321,24571486,"Flushing, MI"
1322,3285792488,Blaine WA
1323,371518623,New York
1324,2441031988,"Fairfield, CT"
1325,3283804328,cheyenne Oklahoma 
1326,1037369198,"Downtown Jacksonville, FL"
1327,2435070132,"Chandler, AZ"
1328,527378775,Kandangan (KALSEL)
1329,146218970,New York
1330,4469973073,ISLA DE TABOGA-PANAM√Å
1331,484847989,santa barbara do sul
1332,425864884,"Oxon Hill, MD"
1333,587005017,"California,"
1334,2980170608,"Tennessee, USA"
1335,32209253,Bradford Illinois
1336,297707823,"Warsaw, KY"
1337,229911594,Atlanta
1338,2475026060,"Seattle, WA"
1339,476996606,"Jeffersonville, IN"
1340,3136612599,"Omaha, NE"
1341,396217847,Virginia
1342,584335507,Pittsburgh
1343,47508609,"McAllen, Texas"
1344,330134865,MARACAIBO EDO. ZULIA
1345,61323546,"Houston, TX"
1346,3436430038,"Nelsonville, OH"
1347,1877729887,New Jersey 
1348,42521580,"york,ne"
1349,2469360756,Melbourne Florida
1350,4771849943,"East London, Winchester"
1351,1612736148,TANZANIA
1352,2649974797,"Coast Boi, MS 228 "
1353,65216575,New York
1354,3230301917,LAGOS
1355,1090897974,ANGOLA-LUANDA
1356,390981195,CA
1357,14110250,Ohio
1358,241912281,"Anderson, IN"
1359,337770129,Houston Texas 
1360,533092711,Los Angeles
1361,1875583069,JNE(?) Hehe
1362,1422062342,"Wichita, KS"
1363,90037508,"Victoria, Australia"
1364,318670758,"Houston, TX"
1365,799022502,Libreville-GABON
1366,53105622,ATL...#LOUISIANACAJUNBABY 4EVA
1367,452382828,"Ocean City, MD"
1368,412883112,"Temerloh,MALAYSIA"
1369,226472413,USA
1370,2303474928,Niagara Falls
1371,384413632,"College Park, Maryland"
1372,79154302,OHIO
1373,1173036751,"STIGMATA,GERMANY"
1374,14424492,"Savannah, GA"
1375,2195291715,united kingdom
1376,446879161,"Duncanville, Texas"
1377,242404992,Houston
1378,1584187664,EARTH
1379,930528180,Kingdom of Saudi Arabia
1380,2373894368,"Ithaca, NY"
1381,26581977,"LI, NY"
1382,964612088,"Hollywood, CA"
1383,352814543,"Boston, MA"
1384,396751865,"Vientiane, LAO P.D.R"
1385,113524326,CAMPO GRANDE-MS 
1386,2945306087,"Philadelphia, PA"
1387,391610652,Indiana
1388,1518665556,"Dana Point, California"
1389,334260486,PANAMA
1390,1311158178,Moreno Valley
1391,542843993,arlington
1392,86560149,"Victoria, B.C., Canada"
1393,90995572,BRASIL
1394,568510811,hartford ct 
1395,361927470,"Jackson, Mississippi"
1396,514666081,Virginia
1397,26826278,Boston
1398,3134824431,wolverhampton
1399,612289718,"Oklahoma City, OK"
1400,1342114830,"Berkeley, California"
1401,3090217925,AUTY YAKO VAAL VEREENiGiNG
1402,1729363004,PACA
1403,2203942532,3rdcoast/westcoast HOLLA 
1404,543853136,"Evansville, IN"
1405,707945934,NYC
1406,39004023,California
1407,563361710,"CANADA, Sault Ste. Marie "
1408,406705475,Washington!
1409,2216438241,@BuffaloSabres Instagram
1410,98866657,"TOKYO, JAPAN"
1411,42681711,"evansville, In"
1412,1323110520,"Las Vegas, Nevada"
1413,522038304,Detroit
1414,4715311688,El Paso 
1415,4050613755,"Lansing, MI"
1416,196521505,TAMILNADU
1417,404558084,"USA, Oklahoma"
1418,51180942,"Florida, USA"
1419,250351898,Houston Tx
1420,2710755685,ANTALYA
1421,1438026332,"Orlando,Florida"
1422,151867318,"New Jersey, USA"
1423,497096401,"Shelby, Ohio"
1424,2235182890,"Kings Park, NY"
1425,3192090784,"England, United Kingdom"
1426,1260510624,Albany
1427,426314624,Bristol Ct
1428,4868024308,"New York, USA"
1429,112943217,north Minnesota
1430,212622205,Leeds
1431,1589699010,CAUCAIA-CE
1432,1327411621,Orlando Fl.
1433,1270390190,"Hoschton, GA"
1434,3420901240,"Tijuana, Baja California"
1435,263453126,IMPAZZIRE
1436,103921188,"Scottsdale, AZ"
1437,37032365,"Orlando, Florida"
1438,185233965,chicago
1439,239038499,New York
1440,3271728572,"Rocky Mountain House, Alberta"
1441,226827432,"Movall,California"
1442,3000769964,Mataram-NTB-INDONESIA
1443,3292762527,"Baltimore, MD"
1444,2835368396,California
1445,635069368,"Ohio, USA"
1446,2617078833,"San Antonio 5¬∫ regi√≥n, Chile"
1447,101422280,USA
1448,1507404288,Alabama
1449,210948411,Alabama
1450,955177669,"Lake, England"
1451,4927033408,"South Africa, 63 Johnson Road"
1452,170571317,Texas
1453,1187006564,california
1454,4328070389,"Barre, VT"
1455,143478125,"Stockton, CA"
1456,485970909,"England, United Kingdom"
1457,588425995,"Gladstone city, ND, USA"
1458,1309102862,"San Francisco, CA"
1459,396239415,"weaver,AL"
1460,34209875,Texas
1461,2954198784,"Harbor Hills, OH, USA"
1462,4061960506,Kingdom of Saudi Arabia
1463,360086537,California
1464,357809737,"Schaumburg, IL"
1465,155112979,Idaho Falls Idaho
1466,3115505903,United Kingdom
1467,1555050440,USA
1468,568220063,Nottingham
1469,1164040501,"Boynton Beach, FL"
1470,369277433,"Ocala , Florida "
1471,269734690,USA
1472,516544304,"Grantham, UK"
1473,269064326,SANTIAGO DE CHILE
1474,38715293,"Fairfield, CT"
1475,624373589,"Obra , 231219 , INDIA"
1476,809710866,Birmingham
1477,2385543981,"Canton,Ohio "
1478,294832066,United Kingdom
1479,1177215990,"Loveland, CO"
1480,487251345,"Hokkaido, JAPAN"
1481,1131281886,fort worth
1482,34482673,"Vermont, USA"
1483,4013052107,"New York, NY"
1484,799325370,san diego
1485,3288400167,1450 S Dixie Hwy Boca Raton FL
1486,214026251,BHARATPUR RAJASTHAN
1487,604804593,"Denton, TX"
1488,2466683586,"Compton , California"
1489,1539953779,Omaha
1490,2295000925,"Marksville, Louisiana"
1491,4858296917,"Florida, USA"
1492,174878701,"los angeles, california"
1493,2512224469,"sto tomas, la union"
1494,2710951404,NAGOYA‚ñ∑‚ñ∑‚ñ∑TOKYO
1495,1630409664,NAGANO
1496,481660335,"Slippery Rock, Pennsylvania"
1497,166526288,BIKANER
1498,203177584,Denver
1499,705887989,"Los Angeles, CA"
1500,4722853814,CARTIER
1501,4721215465,"Carmichael, CA"
1502,2779669034,"Mountain Home Afb, ID, US"
1503,222221206,"Warwick, NY"
1504,2362217022,"Minnesota, USA"
1505,367911288,Northumberland
1506,2851512656,"Denver, CO"
1507,41871792,Birmingham
1508,16655384,New York
1509,1714444975,Nebraska
1510,49147801,Baltimore
1511,53686470,North Carolina
1512,835994766,"Chicago, Illinois "
1513,574383227,"CANADA, Lethbridge "
1514,1337437470,Southall
1515,185587793,"Plymouth, england"
1516,563906784,"Bristol, England"
1517,3031358930,"Highland, Michigan"
1518,245114504,MPLS
1519,181490622,"Laveen,Arizona"
1520,245856576,Baldwinsville NY
1521,232428998,"fresno, ca."
1522,1069569566,"spokane valley, wa"
1523,4890171969,"Ahsa, Kingdom of Saudi Arabia"
1524,2866243786,crewtec / scottish rugby
1525,417276571,Indiana
1526,3225779389,"Visalia, CA"
1527,198136684,Louisiana
1528,1447601605,Boston
1529,844455168,"Chicago, IL"
1530,17282062,"Houston, TX"
1531,213334764,"alliance,ohio"
1532,896027317,Tampa
1533,794261539,Kingdom of Saudi Arabia
1534,129278036,"Chicago, IL"
1535,594420099,"Los Angeles, CA"
1536,1897827649,Houston TX
1537,306623137,Miami
1538,43870216,"Victoria, Australia "
1539,400082290,"Kentucky, USA"
1540,3377949136,OK
1541,2653763154,"Bala Cynwyd, PA"
1542,17796086,"Washington, DC"
1543,821988265,"Minneapolis, MN"
1544,101428611,surabaya
1545,517073013,"El Soto, Alcobendas (Madrid)"
1546,355048083,"Splendora, Texas"
1547,2634918746,"Fishers, NY"
1548,4029230114,"Phoenix, AZ"
1549,393458382,"Chicago, IL"
1550,31017287,DC Metro- Good on any MLK Blvd. 
1551,349836940,"Junction City, KS"
1552,4795355139,Kingdom of Saudi Arabia
1553,2488616032,"Niagara Falls, ON"
1554,1863594091,"Hobart city, OK, USA"
1555,223611800,RIBEIR√ÉO PIRES - SP
1556,385910403,"Camarin, Caloocan City"
1557,2205776749,"Jefferson, Maryland"
1558,118832435,"East Midlands, England"
1559,15607427,New York City
1560,30776015,Houston TX
1561,462444446,"Austin, TX"
1562,1710372212,"Los Angeles, CA"
1563,2309498071,Kentucky
1564,1871743158,LA
1565,41729692,Los Angeles
1566,2868477558,iNDEPENDENCE
1567,426235700,"Hammond, LA"
1568,2960399138,"Nashville, TN"
1569,313350441,"Joinville,SC"
1570,2304525538,"Middletown, DE"
1571,476195851,"Las Vegas, NV"
1572,27758235,"Dallas,Tx"
1573,171639476,ESTADOS UNIDOS DE AMERICA
1574,2600158410,"Barrie, Ontario, Canada"
1575,4509897581,"Florida, USA"
1576,33950792,Atlanta 
1577,424518894,"Bartow, GA"
1578,3090035824,ATLANTA
1579,2908213776,TOKYO
1580,476854229,Chicago IL
1581,3193035569,Seattle Washington 
1582,1700377472,RI
1583,423216418,Kingdom of Bahrain
1584,763503061,In New Orleans
1585,3053432145,joey essex
1586,1430337860,New York City
1587,3291554956,"Grenoble, France"
1588,2276688074,MOPUYA
1589,848737844,Samarinda
1590,1141621020,"Bellevue, WA"
1591,24455400,"Dallas, TX"
1592,302133441,Georgia
1593,1309618938,Shepparton Victoria
1594,304484817,Georgia
1595,34179280,Dallas
1596,107391443,"Newport, KY"
1597,19511976,Virginia
1598,55606211,"Edinburg, TX"
1599,1469024540,"Saint Paul, MN"
1600,1367851086,Kansas
1601,2318749005,"Brooklyn Heights, Brooklyn, NY"
1602,593380422,South Side Baton Rouge
1603,296318519,"san francisco,cat"
1604,87549486,Dallas
1605,1364780304,"Bolivar, MO"
1606,957544512,"Leicester, East Midlands"
1607,3001727913,"Reinbeck, Iowa"
1608,2323917252,San Diego
1609,826037450," San Juan, Argentina"
1610,227210039,"houston, TX/tuskegee AL"
1611,3425376494,"Beaver Dam, WI"
1612,345410655,Florida
1613,54109123,Alaska
1614,28630240,Pennsylvania
1615,248479334,"Carmel, IN"
1616,336255390,Barracks Row / DC
1617,183362762,"miami,florida"
1618,4114790117,"Alexandria, Egypt"
1619,443971204,NIGERIA. 
1620,1545293718,Fort Lauderdale
1621,521311413,Colorado Springs
1622,164337964,BANDUNG
1623,613773478,"Norman, OK"
1624,1947151658,"Illinois, USA"
1625,2732168729,Ohio
1626,1002025110,Tennessee
1627,24802349,"Tallahassee, Fl"
1628,634405551,Anderson In
1629,500546076,USA
1630,2380553333,New York
1631,456855500,ENGLAND
1632,2433281177,"Atlanta, GA"
1633,2526549048,"New Orleans, LA"
1634,2169079700,"Wichita, KS"
1635,2930401786," LIPOVA,JUD. ARAD"
1636,898661886,"Parks, Arizona"
1637,2664183462,WV
1638,454563994,"California, USA"
1639,3249894055,"Atlanta, GA"
1640,25435581,"Frisco, TX"
1641,153153078,"Dahlonega, Georgia"
1642,2149927632,"Brownwood, Texas"
1643,24379081,Wisconsin
1644,42984406,"Queens, NY"
1645,2331886065,"North Carolina, USA"
1646,816680528,metro detroit
1647,168742763,"London, United Kingdom"
1648,495382209,"Staffordshire, UK"
1649,1109667157,Southampton
1650,270843256,Hamilton New Zealand
1651,375225167,newyork.
1652,375305915,Kansas
1653,42226975,"Texas, Dallas"
1654,2836049430,"Idabel, Oklahoma"
1655,1375325516,PARAKƒ∞STAN'DA YASIYORUM
1656,21634600,"Brooklyn, NY"
1657,2316991823,Bella Vista
1658,409955781,atlanta ga
1659,19973890,Ohio
1660,292194271,ANTALYA 
1661,478821077,Baltimore md 
1662,1641142950,"Florence, Alabama"
1663,23158683,"Nashville, TN"
1664,181716249,argentina-santa fe
1665,2714769729,Montgomery
1666,2461090910,GUJRAT
1667,348661011,west chester
1668,81039545,"McKinney, TX"
1669,2576338024,NJ‚Ä¢FL
1670,968773608,Colin Bell Stand
1671,2332011649,"Frankfort, Kentucky"
1672,244562426,Philadelphia
1673,365723058,Branson MO
1674,601523276,CANADA
1675,268855402,"san francisco, ca"
1676,1161359635,"Durham, NC, USA"
1677,523370818,SALVADOR-BA
1678,524812017,Los Angeles
1679,1036060070,Seattle
1680,86412329,"Wales, United Kingdom Colombia"
1681,3309012748,New mexico
1682,622930265,Los Angeles
1683,626600733,"Okoboji, IA"
1684,600925208,"Lagos,NIGERIA"
1685,3299616587,"Buford, GA"
1686,3431537482,"Southampton, England"
1687,129072341,Milwaukee
1688,24092267,"Vancouver, Canada"
1689,409693842,"Sacramento, CA"
1690,878841762,"Wyoming, USA"
1691,2253181029,South Dakota
1692,391832877,TERRA DO NUNCA
1693,110634701,NEW YORK
1694,3192963129,"Atlanta, GA"
1695,1058542910,"Jasper, GA"
1696,79643213,"Big Rapids, Michigan"
1697,225542273,Indianapolis
1698,2547071850,"Tyler, TX"
1699,1772029610,Hamptons NY
1700,3231091729,"Lagos de Moreno, Jalisco"
1701,17798880,San Francisco
1702,622017431,El Paso  Texas 
1703,1298738917,NY
1704,458532536,Kent
1705,16839404,"Seattle, WA"
1706,3074637588,"Lanham, MD"
1707,246352348,Lincoln
1708,50696069,"Saint Albans, WV"
1709,77751969,"Lowell, MA"
1710,3393360789,"Scotland, United Kingdom"
1711,2857268740,CABA
1712,164782728,"Brooklyn, NY"
1713,940064684,United Kingdom
1714,761737903,"California, USA"
1715,438912178,JACKSONVILLE
1716,412671054,Calhoun GA
1717,52817275,Indiana
1718,87230895,USA
1719,348527090,"Plymouth,  „ÄΩÔ∏èichigan"
1720,494559418,alexandria
1721,637333525,SINGAPUR
1722,552080033,Hollywood Arts
1723,323415372,Portsmouth 
1724,235435162,"Tacoma, Washington"
1725,3046302120,INDRAMAYU
1726,3560477777,"Oakland, CA"
1727,148854549,las vegas
1728,2418287196,"Minneapolis, MN"
1729,3057169391,Bayonne 
1730,4856259048,"South Hooksett, NH"
1731,283074385,Mozambique - Tete-Nova Chicoa
1732,355126591,Utah
1733,499029969,New York
1734,2957805593,"Roxboro, NC"
1735,987974593,"Tijuana, Baja California"
1736,127082548,las vegas
1737,2267748661,"Anaheim, CA"
1738,341086932,houston
1739,184640056,JOGJAKARTA
1740,1976219060,Joinville - SC
1741,435338664,"Seattle, WA to Frisco, TX"
1742,377169253,"Chicago, IL"
1743,274890359,"Anchorage, AK"
1744,1359489300,Wisconsin
1745,529114418,"Seattle, Wa"
1746,69277379,TOKYO
1747,377501665,"Lexington, KY"
1748,3721975452,"Austin, TX"
1749,233330138,"Edina, MN"
1750,2435068945,SERBIA
1751,165065129,CARACAS
1752,818266975,"Rochester,  NY"
1753,3422278109,United Kingdom
1754,368962496,http://pic.twitter.com/KSarMB3
1755,61577690,"Orangeville, Ontario"
1756,27255249,"Toronto, Ontario"
1757,3252879326,"Dallas, TX"
1758,351817295,"Dallas,Texas"
1759,392606658,VADODARA (GUJARAT)
1760,486290769,"United States, Pennsylvania"
1761,49729350,"Campbell, CA"
1762,2970222953,"Summerville, SC"
1763,711610938,"Fruitland Park, FL"
1764,29931858,Chicago
1765,434452414,"San Jose, Costa Rica"
1766,1290276055,Tennessee
1767,2859284728,"Toronto, Ontario"
1768,96132774,"Houston,TX"
1769,275476619,QATAR
1770,3133601448,Miami
1771,607500912,"Potomac Falls, VA"
1772,473962761,CAGNES SUR MER
1773,51872247,The great USA!
1774,383727678,Columbus
1775,1930666764,LAGOS
1776,31305189,"East Coast, USA"
1777,2332969998,Houston
1778,32501288,"Cary, NC"
1779,98890089,West Sussex
1780,1210716980,"Auburn, AL"
1781,2655059636,azle texas
1782,33813171,"Los Angeles, California"
1783,1053936770,Wellington - Somerset
1784,17934634,Minneapolis
1785,2719184940,VIA PAISIELLO 7 MILANO 
1786,404897213,"Harrisonburg, VA"
1787,71902645,"Champaign, IL"
1788,317112328,Arkansas
1789,3189459382,Texas
1790,328434915,"Lindsay town, TX, USA"
1791,542916415,"Williamsburg, brooklyn"
1792,198804997,"Louisville,KY"
1793,332616030,New Jersey
1794,1108292384,"Plainfield village, CT, USA"
1795,456898902,"CO, NE, SD, NY, NV, TN "
1796,906894620,Whitehaven/workington cumbria
1797,208669759,"Bronx, NY"
1798,632664325,Warren 
1799,3162897522,"Dallas, TX"
1800,424630545,VILLAHERMOSA
1801,454119389,D.C. via South Bend
1802,1145033696,"West Midlands, UK"
1803,2419323638,"Vidalia, GA"
1804,19583647,Cambridge
1805,4281509777,"Sanford, FL"
1806,401072523,Hudson Valley New York
1807,3253746601,"Albuquerque, NM"
1808,321839631,CAMPOGRANDE RJ BRASIL
1809,295571908,MNL
1810,605615410,Illinois
1811,3014233469,BUKAVU-RDC
1812,625640920,"Brooklyn, NY"
1813,143458910,MEDELLIN
1814,419754289,"santa cruz, chile"
1815,2759768579,EDEP YA H√õ
1816,31036604,"East Lansing, MI"
1817,1588535184,"Preston, United Kingdom"
1818,3494184814,MAIAMEE
1819,850101,Chicago.  Where else?
1820,1279117345,"Tampa, FL"
1821,2494049096,Washington
1822,1591135279,LIMA
1823,2169114764,"Clermont-Ferrand, France"
1824,748459062,New York
1825,1219126117,KSU campus
1826,263210346,miami
1827,409030557,Stillwater Oklahoma
1828,3304129507,"New York, NY"
1829,2959144127,"Scotland, United Kingdom"
1830,1863140930,"Bootjack, CA, USA"
1831,185516529,Seattle Washington state
1832,454300211,"Victorville, CA"
1833,604921230,"Greenville,NC"
1834,138650658,Kansas
1835,974579204,new jersey
1836,4852055835,"Shrewsbury, MA"
1837,27777925,"Tallahassee, FL"
1838,1924731835,Boston MA
1839,492894866,Seattle
1840,573241391,"Jacksonville Beach, FL"
1841,445752808,"Little Rock, AR"
1842,81950806,"High Point, North Carolina"
1843,1575676568,Sittin'PRETTY
1844,152026891,Washington
1845,1356325062,Manchester
1846,2540693779,Park Ridge New Jersey
1847,51953005,MI
1848,600152267,"Union, SC"
1849,139237542,Puerto Cabello Venezuela
1850,265320481,"Moreno, Argentina"
1851,2478182712,"CANADA, Lethbridge "
1852,540414897,"CANDYLAND , BITCH ST."
1853,20619378,"Worcestershire, UK"
1854,2608762744,"San Diego, CA"
1855,1106310330,"Mississippi, USA"
1856,330811329,"Tigard, Oregon"
1857,15504557,"Oakland, CA"
1858,871293937,"Arizona, USA"
1859,219925217,"Denver, CO"
1860,1051083175,"Mountain View, CA"
1861,250947024,USA
1862,2241390542,Kentucky
1863,331435765,LOUISIANA
1864,1851006722,Iowa
1865,281659311,california usa
1866,26889712,Virginia
1867,267948472,"St Louis, MO"
1868,341783409,Ohio
1869,324085450,"Toledo, oh"
1870,1426981255,"Syracuse, New York"
1871,94248253,"Largo, FL"
1872,4519516307,Kingdom of Lucis
1873,2271698581,INDIA
1874,429095218,"Largo, Florida"
1875,51050644,New York City
1876,490238242,Bridgeport Bitch
1877,617719257,New York
1878,316822521,GLOBAL * G *
1879,60872638,Berkshire UK
1880,1307868667,POLAND ‚ô•
1881,2616483786,Victoria
1882,2169527607,Medway kent.
1883,868625305,kent
1884,142750429,"New York, USA"
1885,370080845,Manchester & Bath UK
1886,4804934322,"Illinois, USA"
1887,2511453973,lake elsinore ca.
1888,193063672,"Las Vegas, NV"
1889,544831890,"Solano County, CA"
1890,15742305,"Columbus, OH"
1891,710987270,"Rock Hill, SC"
1892,3241017135,CHAPRA BIHAR
1893,2178474855,"Birmingham, West midlands. UK "
1894,4329155658,"Folsom, CA"
1895,1853506574,Buffalo
1896,868219585,FCT Abuja Nigeria
1897,830164417,Mississauga Ontario
1898,2427208721,"Medellin, Bello "
1899,792220716,Kingdom of Saudi Arabia
1900,59620841,NYC
1901,923939934,"New Bedford, MA"
1902,2450031531,"Okatie, SC  "
1903,300476478,New York City Area
1904,434612531,Memphis TN
1905,78178319,"Washington, DC area "
1906,1491090258,Santa Rosa-RS
1907,885508225,"Taif, Kingdom of Saudi Arabia"
1908,1859544554,San Jose
1909,456272695,"Balderson, Ontario"
1910,500228407,"Fremont, CA"
1911,2231820914,"TAMILNADU,INDIA "
1912,27912046,"Downey, CA"
1913,2274910243,Las Vegas
1914,265697869,"New York, NY"
1915,417547014,Georgia
1916,4104792435,"Piedmont, SC"
1917,2285927774,"El Toro,CA,US"
1918,2902807486,"Windsor, New Jersey"
1919,1423658473,United Kingdom
1920,1408803546,"Bay Area, California"
1921,73818527,"Austin,TX"
1922,2165714312,kingsport tennessee
1923,309829741,ARGENTINA-ROSARIO.S.FE
1924,211658069,Brandywine MD
1925,353111023,New York City
1926,4204522454,"Minneapolis, MN"
1927,769787533,"Chicago, IL"
1928,23724487,Minnesota 
1929,567621676,Boston
1930,994192921,North Las Vegas
1931,54160643,"Laredo, TX"
1932,136117490,"Little Rock, Arkansas"
1933,44179003,SEOUL FOR NOW!
1934,536479321,"Seattle, WA"
1935,224773774,Los Angeles
1936,460120920,USA
1937,821555894,INDONESIA
1938,191761634,"Spokane, WA - Los Angeles, CA"
1939,3093949332,"Tulsa, OK"
1940,4702679329,"England, United Kingdom"
1941,369682415,"Fort Collins, Colorado"
1942,20757934,Arkansas
1943,3214172583,"Manhattan, NY"
1944,3077778921,"Indiana, USA"
1945,1112104428,columbus ohio
1946,187961204,yorkshire
1947,2440906291,Ohio
1948,3103994568,Las Vegas!!
1949,323476763,new york
1950,3189951473,"Boston, MA"
1951,240655902,santa cruz davao del sur
1952,2464084634,"Costa Mesa, CA"
1953,191755427,Queensland
1954,2714185777,"Taylors Lakes, Melbourne"
1955,3839565556,"Remsen, New York"
1956,374196556,"Brentwood, Essex"
1957,2724956689,"San Juan de Miraflores, Peru"
1958,32461453,"Clinton, NC"
1959,313368786,Rijsbergen
1960,2924001357,Mae do Rio - PA
1961,823885015,LONDON
1962,528303281,Lebanon
1963,2790557680,Itinga-MA
1964,49131172,"Bremerton, WA"
1965,33672327,Utah
1966,1228252861,"BANDAR LAMPUNG, INDONESIA"
1967,2712286953,MIA
1968,132456877,"Hampton, Virginia"
1969,2293937256,"Menlo Park, CA"
1970,19926576,"Miami Beach, FL"
1971,1361200178,Bronx
1972,1129992282,TOKYO
1973,249955796,"Almost Heaven, WV"
1974,24930580,"Indianapolis, In"
1975,3371981657,"England, United Kingdom"
1976,40919108,"New Hampshire, USA"
1977,33998049,Texas.
1978,2279730962,"Modesto, CA"
1979,112288899,INA
1980,229611193,ST. Louis
1981,35675988,"Rancho Cucamonga, CA"
1982,1596072900,Chicago
1983,215795465,New York 
1984,157364419,"Orlando, Florida"
1985,133064908,"Bangor, Maine"
1986,733572144,Tappahannock VA
1987,395898230,liberty center ohio
1988,2753295387,"Belleek, Co. Fermanagh"
1989,1489033086,PA
1990,4913053910,"Houston, TX"
1991,65688247,"Henderson, NV"
1992,337924454,Delaware
1993,3199300341,Texas
1994,840605672,Chester 
1995,80394468,"Cambridge, England"
1996,245843396,Texas
1997,288222795,Samarinda
1998,1150190209,"Nansen Field, Palos Verdes, CA"
1999,209682525,Sc-SMO
2000,2222018873,AKAY DE ONLAR TANIR...
2001,70797208,"Florida, USA"
2002,803680896,new york city
2003,190157544,"Harrisburg,Pennsylvania"
2004,256319682,"Queensland, Australia"
2005,2373566756, Shailene Woodley
2006,323749200,"Danville,VA"
2007,21693563,"Tattenhall, Chester"
2008,195424489,"Detroit, MI"
2009,65655631,"Scaryietta, GA"
2010,769582038,"Amherst, MA"
2011,4870746429,"Los Angeles, CA"
2012,731918054,"Detroit, MI"
2013,322267088,Tulsa ok
2014,457789880,"Bayonne, NJ"
2015,730339356,Leeds
2016,984704372,"Chicago, United States"
2017,384610190,"Anglesea, Victoria, Australia"
2018,1327029696,"Atlanta, Georgia"
2019,1486900338,Tucson
2020,1965934214,"Ohio, USA"
2021,34597908,"Wethersfield, CT"
2022,1057058616,DIA„É´„Éº„É†
2023,709356672,"Philadelphia, PA"
2024,349285620,New york
2025,20124975,United Kingdom
2026,4134105555,"Chester, England"
2027,201492023,Ottawa
2028,946534207,"Connecticut, USA"
2029,121323292,BSD City
2030,2390994114,Florida
2031,2711106523,"Portland, Oregon, USA"
2032,92284627,"Centerville, IA"
2033,15847706,Los Angeles via Nashville
2034,341613939,Colombia . Quindio Armenia 
2035,2408253447,NYC
2036,3006972121,"Brookhaven, MS"
2037,151046701,"Atlanta, GA"
2038,30736385,"Tyler,Texas"
2039,635607894,"Jeddah, Kingdom of Saudi Arabi"
2040,516039298,"Mapleton, Utah"
2041,1302398599,"Denver, CO"
2042,3536966836,"Albany, NY"
2043,69351923,"Spring Hill, FL"
2044,455757374,DC
2045,1318682611,FUKUSIMA
2046,2877274491,"Toronto, Ontario"
2047,219734511,ZARAGOZA
2048,62937238,"Brownsburg, IN"
2049,1274561568,St. Louis
2050,1115718410,"Orlando, Fl"
2051,1107760411,"Nashville, TN"
2052,2973400757,TOKATLI
2053,2705765582,NYC
2054,1415474364,Kingdom of Saudi Arabia
2055,213569461,"St. Louis, Missouri"
2056,371066314,Maine
2057,3506628072,"Vancouver, British Columbia"
2058,1180213783,"Ruma village, IL, USA"
2059,482070455,Nashville
2060,605494966,Wolverhampton
2061,2840240369,"Cincinnati, OH"
2062,3391698448,Sioux Falls
2063,312847436,BALTIMORE
2064,57970269,"Franklin, MA"
2065,232002638,michigan
2066,2422550636,"Madison, WI"
2067,16205542,"Yukon, OK"
2068,4360972093,Springfiuld Missouri USA
2069,41527215,"Virginia Beach, VA"
2070,4149221625,AKURE ONDO STATE
2071,257163491,Denver
2072,32648110,"Mount Shasta, CA"
2073,229285714,Tacoma
2074,3415830208,"New York, NY"
2075,504958936,Chandlers Ford
2076,2355791426,Orlando Fl
2077,64020342,"JHB, SOUTH AFRICA"
2078,3317330161,"San Antonio, Texas"
2079,627798576,Plymouth
2080,311250927,philadelphia
2081,373551249,"Long Island, NY"
2082,3177134348,"Santa Cruz, CA"
2083,316515519,Milwaukee
2084,2832836579,"Philadelphia, PA"
2085,461437395,Fresno CA
2086,29130760,Boston
2087,501149401,Maryland
2088,2383566204,Manchester United
2089,92678698,COLIMA
2090,48262058,"Rock Hill, SC"
2091,725986651,"England, United Kingdom"
2092,412460923,"Ocala, Florida"
2093,2577240445,"Kankakee, IL"
2094,590347638,Ottawa
2095,1426026127,Texas yalllll
2096,1517607624,"Austin, TX"
2097,236556153,"Northampton, England"
2098,2199888180,FLORIDA
2099,16619609,"Austin, TX"
2100,2428223156,"New York, USA"
2101,4786765158,"Florida, USA"
2102,1485558038,somewhere in northern michigan
2103,4855285493,"Gainesville, GA"
2104,1045483633,A BRONX TALE! *NEW ACCOUNT*
2105,2719131047,"New York, USA"
2106,376663335,NIORT
2107,72677182,"Poulsbo, WA"
2108,3168911510,"New York, NY"
2109,709116552,"Louisville, KY"
2110,103471390,jamrock
2111,34634499,Georgia
2112,2995826118,"Columbia City , US"
2113,86867443,COMO
2114,18205337,"Chicago, IL"
2115,2757647131,"Rome, Georgia"
2116,575098410,"Camden, New York"
2117,28330610,"Elkridge, MD"
2118,181692438,"Anacortes, WA"
2119,385456401,Chattanooga TN
2120,379249933,somerset ky 42501
2121,2720461647,MEDELLIN
2122,2522926528,Houston Texas 
2123,1601872476,#804 #RVA
2124,172104187,"Roseville, CA"
2125,395236954,BHOPAL
2126,2735814423,Baltimore
2127,251543233,"Dallas, TX"
2128,3132062566,"Macomb, MI"
2129,44248713,NEW YORK
2130,71578716,"California, USA"
2131,3907472912,"Missouri, USA"
2132,149298033,"New Jersey, USA"
2133,143669217,"Palm Harbor, FL"
2134,78491845,Rancho Cucamonga
2135,3187174208,"Columbia, MO"
2136,1866529394,PRAMBON NGANJUK EAST JAVA IND
2137,3387116884,LABADI AGYEMAN
2138,3432237981,"Ann Arbor, MI"
2139,2967443190,Chicago
2140,166175182,Georgia
2141,256257973,new york
2142,2273616344,"Dallas, TX"
2143,3194060154,"Minneapolis, MN"
2144,2820820537,"peoria,il"
2145,766076196,PRRISTINA
2146,360286934,"California, USA"
2147,325620670,"Florida, USA"
2148,2935590860,surabaya
2149,67330601,"Southampton, UK"
2150,3245040455,United Kingdom
2151,110852188,canyon country ca
2152,15223341,"California, USA"
2153,1170156666,"Arar, Kingdom of Saudi Arabia"
2154,258020309,Manchester
2155,461532773,queens
2156,37203022,"Oswego, NY"
2157,54824025,Ontario
2158,1325668818,Newark
2159,2824581496,"Virginia AL, USA"
2160,793579814,"Plant City, Florida"
2161,33430219,"Tulsa, Oklahoma"
2162,2447846286,Las Vegas
2163,75060589,"New York, NY"
2164,169482177,"England, United Kingdom"
2165,19677568,"San Francisco, CA"
2166,3221744016,"Long Beach, CA"
2167,485780764,"Aston, PA"
2168,261897528,miami
2169,731074880,New York City
2170,2585997060,Seattle
2171,370441191,"Grand Forks, ND"
2172,327502439,Nashville Tn 
2173,625105467,"Pass Christian, MS"
2174,583424322,downey ca
2175,193376090,Planet Earthh ‚ô•
2176,33318421,"Portland, OR"
2177,348589136,"Kansas City, MO"
2178,240834092,Pittsburgh
2179,2341792303,"Brooklyn, NY & Stevenson, MD"
2180,35978519,"McAllen, TX "
2181,100314712,ARGENTINA
2182,20669682,norfolk uk
2183,341813347,Alexandria
2184,3172741235,"Atlanta, Georgia"
2185,500621448,USA
2186,332376260,"Phoenix, Az."
2187,288644530,USA
2188,1220296676,Fucking Macedonia.
2189,18736283,"Madison, WI"
2190,26761178,"Albany, NY"
2191,81930681,Manchester
2192,1438324152,near BANASURA SAGAR DAAM
2193,1002843211,"Harlingen,Texas"
2194,2884942383,"Denver, CO"
2195,17796593,New York
2196,436206762,"Bronx, NY"
2197,22560620,Parker
2198,122172831,"San Francisco, CA"
2199,408556956,BARCELONA
2200,424870018,Wichita
2201,431140375,New York City
2202,3848063474,"Colorado Springs, CO"
2203,342315687,"Duluth, MN"
2204,1036538460,salinas 
2205,16328322,"Austin, TX"
2206,346760717,"Huntsville, AL"
2207,516191863,Alabama
2208,348276369,Los Angeles
2209,358086760,United Kingdom
2210,2559432660,"Portage, Mi"
2211,472979062,#Georgia
2212,513079924,Fort Worth
2213,2240876612,surabaya
2214,4288324559,"St Petersburg, FL"
2215,594865003,GALATASARAY !
2216,266831508,"West Palm Beach, FL"
2217,188104681,brentwood
2218,390904265,"Austin, TX"
2219,577463658,New York City | New England
2220,118788967,Austin
2221,4903232720,"Austin, TX"
2222,131841555,vacaville
2223,3016411896,Èüì„Éâ„É©‚ô°Â∞ëÂ•≥ÊôÇ‰ª£‚ô°INFINITE
2224,157663970,Dallas
2225,50034404,Ohio
2226,392467219,"Chicago, IL"
2227,3331923141,"Florida, USA"
2228,126483573,COLOMBIA
2229,2779422710,"Dallas, TX"
2230,1963574460,"MEXICO, PUEBLA"
2231,19968783,"Canton, Georgia"
2232,566691214,AZ
2233,2346005533,"Toronto, Ontario"
2234,221195688,CALI-COLOMBIA
2235,56783149,"Woodlawn, VA"
2236,153844992,Northern Virginia
2237,3115551909,"Eure-et-Loir, Centre"
2238,35596695,"Bloomfield, CT"
2239,19025408,New York
2240,739977324,West Yorkshire
2241,1491412830,"Ephraim, Utah"
2242,2347068560,"Tennessee, USA"
2243,454379642,orlando
2244,2968080341,United Kingdom
2245,1079636546,"Illinois, USA"
2246,2568235558,"Staten Island, NY"
2247,2297369773,"Fort Collins, Colorado"
2248,55599373,"Saginaw,Michigan"
2249,2370835517,ADP AIRPORT ROAD GRS
2250,195133199,BRAZIL
2251,3382774708,Los Angeles California
2252,30997019,kings mountain
2253,319818236,North Carolina !
2254,310557102,"California, USA"
2255,414866123,"Long Island, NY"
2256,128727990,COLOMBIA 
2257,21093893,"Fresno, CA"
2258,245227197,IL for  now!
2259,1451701038,BOTSWANA
2260,1383016320,‚òë INDONESIA
2261,3033315831,TWO FLOOR
2262,2681736743,Phoenix
2263,18735627,Georgia- USA
2264,2595343381,Wisconsin :-(
2265,230476594,Delaware
2266,194976049,WHERE EVER THE MONEY AT!!!!!
2267,2428180063,"Battle Creek, MI"
2268,2391082664,"Tipp City, OH, USA"
2269,437058523,"Tempe, AZ"
2270,1035636697,"SALTILLO, COAHUILA; MEXICO"
2271,1278151634,Leer
2272,109613795,Magallanes LIBRE..!!
2273,1123867051,"dayton,tx."
2274,459811973,"Chapel Hill, NC"
2275,64501184,Florida
2276,2496675433,"England, United Kingdom"
2277,2238504272,"Yorkshire, England"
2278,2543773110,"Reno, Nevada"
2279,4752039977,"Cincinnati, OH"
2280,1689163375,"Mississippi, USA"
2281,282484695,Virginia
2282,1201820982,"Toronto, Ontario"
2283,490853175,madera
2284,2501330349,port Elizabeth
2285,203009936,FIRENZE TUSCANY ITALY
2286,256342174,"Boston, Ma"
2287,21367100,"Las Vegas, NV"
2288,37798616,NYC | CHI | Dub V
2289,500463546,USA
2290,3359371325,"Colchester, England"
2291,228964700,"Anchorage,Alaska"
2292,148840979,"Colorado Springs, CO"
2293,355176046,SIDOARJO
2294,370640805,Indianapolis
2295,241697307,"CHICAGO,ILL"
2296,3173517779,828. NC
2297,390028978,"Athens, Greece"
2298,594604675,"Columbus, OH"
2299,14233238,"Texas, USA"
2300,260731453,BRUNEI
2301,235808781,Florida
2302,223051746,"Chicago, IL"
2303,3237523771,"Oregon, USA"
2304,2330832190,"Barceloneta, PR"
2305,240228247,"Tampa Bay, FL"
2306,358414906,"Greensboro, NC"
2307,98703298,Seattle - The Pacfic NW
2308,335069214,üìç United Kingdom üá¨üáß
2309,2761363626,Alabama
2310,3002119161,"Charlotte, NC"
2311,915789690,Indiana
2312,1340835344,COLOMBIA
2313,713094169,"Naperville, IL"
2314,479493387,rustington west sussex
2315,442547675,"Victoria Island, Nigeria"
2316,187222075,Virginia Beach
2317,3169619280,GALLE
2318,251954918,"Surabaya, Indonesia"
2319,84525825,"Seattle, WA"
2320,1368480673,Albany  NY
2321,404642014,"Long Beach, CA"
2322,268591772,samarinda
2323,64843395,"Talent, OR"
2324,350993238,Valence-DROME
2325,370404540,"atlanta, ga"
2326,518100318,Jackson Point
2327,1564774009,"Roanoke, VA"
2328,302322615,"Mohnton, Pennsylvania"
2329,1480365446,KIBRIS
2330,30817245,Los Angeles
2331,2944764799,"Chandler, TX, USA"
2332,1467457224,Piqua Ohio 
2333,504472598,"Makassar, INDONESIA!"
2334,3166701684,CALI GIRL3
2335,1233269756,"Minnesota, USA"
2336,3043691231,"Cameron, MO"
2337,382347478,Aurora Newmarket Innisfil Ontario
2338,3165225723,Staffordshire
2339,3891034275,"Chania, Greece"
2340,3165541642,"Paterson, NJ"
2341,175830044,BRASIL
2342,287242525,"Alexandria,Egypt"
2343,2149113045,"Paterson, NJ"
2344,316836021,"Fayetteville, NC"
2345,585021669,Wilmington Massachusetts
2346,49636390,"Whitehouse, Ohio"
2347,203239206,MEM 10
2348,159981103,San Francisco
2349,3452585357,Exo Planet 
2350,37191967,"Bainbridge, OH"
2351,18588649,Vancouver
2352,1202499338,"Rochester, NY"
2353,206925803,aRACAJU
2354,479827425,Connecticut
2355,2453005644,"Salt Lake City, UT"
2356,3243584124,San Diego
2357,37012798,"Chesapeake Beach, MD."
2358,860783653,"Forest, VA"
2359,326303861,MEXICO
2360,44835035,"Seattle,washington"
2361,1389909864,"Benton, AR"
2362,3257895506,"Syracuse, New York!"
2363,4428468352,"Youngstown, OH"
2364,2907456336,gainesville fla
2365,772695938,2415 W. Lincoln Ave Anaheim CA
2366,2764447161,"Macaulay trace, Claxton Bay"
2367,2406473619,Eastern PA
2368,2955398641,"Portland, OR"
2369,23123977,"cincinnati, OH"
2370,14350587,"Cincinnati, OH"
2371,3003169649,"Savannah, GA"
2372,2992461828,"New York, NY"
2373,318861641,Vancouver 
2374,279041319,USA
2375,227233266,"Beirut, Lebanon"
2376,2181339472,fleetwood 
2377,3039397752,"Lexington , United State"
2378,306825287,"Wales, United Kingdom"
2379,1227723841,LATINOAMERICA
2380,408829932,Boven Leeuwen
2381,399396352,"Silver Spring, MD"
2382,90876258,"Athens, Greece"
2383,700380182,California
2384,35942131,"Orlando, FL"
2385,2808430833,"Cincinnati, OH"
2386,1370991152,CHINA S√ìQN
2387,1214327618,Atlanta ‚úà Chicago
2388,264663858,Orlando/pahokee fl
2389,30572167,ND
2390,441128958,"Riyadh, Kingdom of Saudi Arabi"
2391,2197211386,AL- Qassim‚Äè
2392,248485045,"Baton Rouge, LA"
2393,2845101185,Claxton bay
2394,3748038436,"Boston, MA"
2395,246394933,"Rhodes, Greece"
2396,1562908316,Ïú†Ï†ÄÍ≥Ñ (@Soohyun_MS_user)
2397,187618846,"Maring√°, Brasil"
2398,348587087,"Montego Bay, Jamaica"
2399,1174223641,PA
2400,418858712,"berkeley,calif"
2401,1246862563,"Lake Allatoona, GA"
2402,52633671,"Vermont, USA"
2403,2907964214,"seattle, bothell"
2404,23953924,"Upstate,NY"
2405,1950280171,Los Angeles CA.
2406,3315278424,"Missouri, USA"
2407,378917811,"Houston, TX"
2408,367687640,DELHI
2409,3267416041,"Vancouver, British Columbia"
2410,2783716165,"Pittsburgh, PA"
2411,1460307427,"Nether Providence town, PA, US"
2412,334104227,Philadelphia PA
2413,2476099093,ERBIL_IRAQ
2414,942383689,"Florida, USA"
2415,602432066,MNL
2416,554484874,United Kingdom
2417,2288086687,AROUND THE WORLD
2418,3666485429,"Northampton, England"
2419,358162533,"West Chester, PA"
2420,34501891,austin
2421,2710670555,"Wales, United Kingdom"
2422,834605846,"Orange City, IA"
2423,753765721,Miami Fl
2424,317130573,New Mexico
2425,142555132,Texas
2426,2357740950,Kingdom of Saudi Arabia
2427,290445931,MALATYA
2428,131175851,JAPAN!!!
2429,149847363,nottingham
2430,223142739,"Doylestown, Pennsylvania"
2431,3309270031,"Carthage, MO"
2432,338700290,San Francisco
2433,2222348305,san jose del palmar
2434,3316706185,"Toowoomba, Queensland"
2435,898428343,"St Petersburg, FL"
2436,540148591,"British Columbia, Canada"
2437,1053637136,"Findlay, OH"
2438,1102377457,"Atkins/SNC global, Mcr based"
2439,1402524380,samarinda
2440,426931552,Bristol
2441,487884190,"Hooper Bay, AK"
2442,525841084,Miami
2443,3301489779,"Kent, UK"
2444,21049426,Austin
2445,518267698,"United Kingdom, Chudleigh"
2446,27919279,"Belle, MO"
2447,1486283048,Los Angeles
2448,146885131,USA
2449,889667773,"Inglewood, CA"
2450,600362211,"Columbia, TN"
2451,338955531,Phoenix
2452,2962792367,Philadelphia 
2453,2865335619,"United States, Maine"
2454,243006942,"Hollywood,CA"
2455,27697789,"El Segundo, CA"
2456,1627383578,"United States, Delaware"
2457,1630520078,"Piedmont, CA, US"
2458,1430599854,"Richmond, VA"
2459,3090047524,Los Angeles
2460,208609487,COLOMBIA
2461,861240578,"Cambridge, UK"
2462,2245533126,"Bristol, England"
2463,1534386553,‚ñ≤In the SHINee World ÌÉúÍµ≠
2464,270714559,New York City
2465,321172879,chicago/rockford
2466,19376287,"Atlanta, GA"
2467,2335735718,Murrieta
2468,908989153,Cincinnati 
2469,265587349,houston TX 
2470,626266893,"Pensacola, Florida"
2471,4900162990,"Bello, Colombia"
2472,513879192,USA
2473,2640447667,"Omaha, NE "
2474,27154248,Pennsylvania
2475,1135710493,"Jackson, Mi "
2476,427572683,northampton
2477,42901731,new york city
2478,3322470561,NOLA
2479,502345989,Philadelphia
2480,250029681,"Choctaw, oklahoma"
2481,380816052,RANTEPAO/TATOR
2482,28442719,South Jersey
2483,1247443759,"union city, tn."
2484,1007661522,Indiana
2485,378279403,"Indiana, USA"
2486,76670690,Chicago
2487,1115580907,Woodland hills
2488,2980537466,"Santa Cruz, CA"
2489,715566258,"Los Angeles, ca"
2490,2319527425,Indiana
2491,67429454,san antonio/college station TX
2492,975648702,"Hollywood, CA"
2493,618572304,. . .LINDHAVEN. . . 
2494,19225486,"Bend, Oregon"
2495,3011296026,INDIA
2496,2412494411,KSA - Al Madinah
2497,184164164,Buenos Aires / CDMX / Seattle 
2498,173156967,BANDUNG
2499,305643682,Alabama
2500,265363451,LA baby
2501,103948170,"Los Angeles, Ca"
2502,2828861796,"Georgia, USA"
2503,3728166852,"Denver, CO"
2504,75199088,orange county
2505,345559619,MDQ
2506,948364885,ATALANTA
2507,1068191802,Indiana
2508,2598411516,CA
2509,2943333124,"Palmdale, CA 93550"
2510,265638910,The bay
2511,1704913046,"Flint, Michigan"
2512,2499056005,"Columbus, NJ"
2513,356206215,Richards bay
2514,1527731251,Davenport
2515,241004514,New York
2516,56267925,california
2517,376206023,BLITAR¬©mgs
2518,104138080,RECIFE-PE-BRASIL.
2519,151171493,Bellezalandia
2520,489750599,Leeds
2521,283577368,Chicago
2522,2244355669,"Charlotte, NC"
2523,110817232,Florida
2524,3387417791,"New York, USA"
2525,602448083,VZLA.
2526,862341414,"miami, FL"
2527,517174927,"St Petersburg, FL"
2528,328285521," with my kaylee pooh ,"
2529,297091936,"Miami, FL"
2530,502367351,new jersey
2531,297124277,Bronx NY
2532,53223629,"Arizona, USA"
2533,217020225,BARCELONA-SPAIN
2534,1581469080,USA 
2535,899112074,"Duluth, MN"
2536,3299506022,"Bloomington, IN"
2537,35425932,"Baton Rouge, la"
2538,9381942,Georgia
2539,877862300,Manchester
2540,2230872691,"Hurricane, Utah"
2541,363755997,"New York, NY"
2542,444099104,"England, United Kingdom"
2543,2914376736,"Forks, Seattle"
2544,45452607,"Palo Alto, CA"
2545,28230185,FW Texas
2546,49460645,USA
2547,304060554,"Stockholm, London and Norfolk"
2548,31262077,"Tampa, FL"
2549,172418793,"FLORIDA,TAMPABAY"
2550,1355542122,Malibu California
2551,4876260761,"Lock Haven, PA"
2552,518101720,"Seattle, WA"
2553,353234654,"Four Marks, Alton, Hampshire "
2554,316874657,new orleans
2555,362718767,COLOMBIA
2556,1373011159,Pennsylvania 
2557,1125665084,"Portland, OR"
2558,2758998727,USA
2559,251417034,New York
2560,499281370,Santa Ana
2561,24538754,"Copper Mountain, Colorado"
2562,1903226898,apopka florida
2563,190351858,idaho
2564,67983030,"Bel√©m,PA"
2565,57835983,Georgiaaa
2566,2840645745,Mooresville
2567,479025383,West Palm Beach FL
2568,293025172,Ohio
2569,36378695,"Providence, RI"
2570,282103057,‚ô• SAUDI ARABIA ‚ô•
2571,2671641167,United Kingdom
2572,436711250,"Colorado, USA"
2573,528011461,Michigan
2574,466385801,Manchester
2575,634050726,M√âXICO
2576,2500345205,"Oklahoma, USA"
2577,305757703,Rock Hill SC
2578,619048193,MS
2579,617722467,"Red Lodge, Montana"
2580,2200685096,columbus oh
2581,121689504,LIMA - PERU
2582,72790864,"Pocatello, ID"
2583,10103782,"Los angeles, Chile"
2584,1325885857,Chattanooga 
2585,2524440399,PHX Arizona 
2586,1900145372,Butterwoth
2587,564054056,louisiana
2588,1025921022,KARTAL
2589,3254262136,"Pittsburgh, PA"
2590,22480246,Somerset
2591,425434054,California & Florida
2592,54683044,"Detroit, MI"
2593,22287747,"London, United Kingdom"
2594,3589324341,"Linthicum, MD"
2595,36102259,"orange county, ca "
2596,3325322721,Robbing OPRAH
2597,356389430,"Detroit, MI"
2598,3837669677,"Chantilly, VA"
2599,2918073145,"Los Angeles, CA"
2600,307664916,"JED,KSA"
2601,3006439833,united kingdom
2602,70164518,ARG
2603,400302931,"Alabama, USA"
2604,1112540959,Lark Lane Old Police Station
2605,165675984,LALITPUR
2606,7365642,SF Bay Area
2607,151445547,MALAYSIA
2608,156808957,in tha boogie dowm bronx
2609,3355065849,"Washington, England"
2610,604212247,"kansas city, usa"
2611,1144567242,Chicago
2612,364300947,"Tulsa ,Ok"
2613,1375055234,"Belluno, Veneto"
2614,19514528,California
2615,554498944,Youngstown OH
2616,270531022,michigan
2617,1092325934,"New York, NY"
2618,201345406,cleveland ohio
2619,163923818,sECRETpLACEoFtHEmOSThIGHgOD!
2620,316974613,"Kansas City, MO"
2621,117962412,"Philadelphia, PA"
2622,1662101576,"Melbourne, Victoria"
2623,739752858,"Cape Girardeau, MO"
2624,343522390,Harrismith
2625,158519114,"maringa, pr"
2626,2936236352,killeen 
2627,1222051015,Seaton
2628,2346403399,Birmingham
2629,1677595064,BANTARWUNI
2630,194695274,"Toronto, Ontario"
2631,45172861,New York
2632,785523036,california
2633,397129013,California! 3
2634,49634138,Baylor
2635,4771144514,"Alaska, USA"
2636,79835295,Floridaa
2637,1029834318,Los Angeles
2638,1267696694,"Essex, Obvs"
2639,796745684,United Kingdom.
2640,2758817020,"Boston, MA"
2641,1304347040,Irvine
2642,1694517864,"Atlanta, GA"
2643,52987016,USA
2644,288994734,"Harrisburg, PA"
2645,304733147,BAYAMON
2646,50724211,In Texas
2647,2466212293,"Joint Base Lewis-McChord, WA"
2648,313442284,"Jacksonville, Fl"
2649,286877384,CALOOCAN PH !
2650,175455710,sleeping on mom's couch
2651,4469268339,Kingdom of Saudi Arabia
2652,2294632549,"Massachusetts, USA"
2653,548607343,MEDAN
2654,3252743984,"United States, Illinois"
2655,2757040999,"California, USA"
2656,46808049,"USA, Utah"
2657,75496615,Espa√±a y LATAM
2658,188832049,BRASIL
2659,338885951,"Surabaya, East Java, Indonesia"
2660,3376886469,Phoenix
2661,3072894694,New port richey florida
2662,575383052,new york Usa 
2663,204190771,"New York, NY"
2664,39808803,Babylon
2665,512525785,USA
2666,78053609,jersey but now fla!
2667,548073541,"Seattle, WA"
2668,141211147,"Fort Dodge, IA"
2669,81390091,Chicago/ Puerto Rico
2670,359201111,Palho√ßa/SC
2671,1253954431,"Portland, OR"
2672,1015176830,from JAPAN TOKYO
2673,235493431,Manchester! 
2674,897068545,"Austin, TX"
2675,18977574,"Rochester, NY"
2676,4440391073,Kingdom of Saudi Arabia
2677,223176041,leek haregate
2678,200966083,North Carolina
2679,2966579446,"San Diego, Venezuela"
2680,25227211,"Daytona Beach, Florida"
2681,3334821171,"Tennessee, USA"
2682,166224657,"Huntersville, NC"
2683,1176718728,Birmingham
2684,2572207553,"Florida, USA"
2685,233604821,"New York, NY"
2686,279384325,"Portland, OR"
2687,3103671954,"High Springs, FL"
2688,2273709559,"Houston,Tx"
2689,726349428,ontario
2690,3428990753,"Argentina, Santa Fe"
2691,2493738336,los Angeles
2692,1130816347,"Castleton,Vermont"
2693,2598119330,"Mason, OH"
2694,599718798,Edinburgh 
2695,1636673604,United States - Maine 
2696,1582810548,"Kansas City, MO"
2697,3293674522,"Virginia, USA"
2698,475610941,"St. Petersburg, Russia"
2699,2148180919,"DFW, Texas"
2700,743183437,T√ºrkiye / ELAZIƒû
2701,2865321730,"United States, Alaska"
2702,1104196658,"Scotland, United Kingdom"
2703,2912158177,"Mount Olive, NC"
2704,538408694,Florida
2705,2806075696,"CANADA, Montreal "
2706,66431219,"Wilmington, NC"
2707,419807052,Azerbaydjan
2708,445544162,mEXICO
2709,589627968,"Floridablanca, Colombia"
2710,397621143,CHICAGO IL
2711,134269785,"Arcata, CA"
2712,305853727,peking
2713,1500460219,"milwaukee,wi"
2714,1588198747,MOROCCO
2715,1923379873,‚ô°new jersey‚ô°
2716,2369409770,*I love you austin*
2717,1618708166,"Milwaukee, WI"
2718,283342793,"Phoenix, AZ"
2719,423832967,Fort Madison
2720,93656547,"Las Vegas, Nevada"
2721,256773040,"Brainerd, TN USA"
2722,317136304,COBIJA-PANDO-BOLIVIA
2723,2583881906,"North Stonington, CT, 06359"
2724,29112640,1407 Graymalkin Lane
2725,3194596985,"Milwaukee, Wisconsin"
2726,174608821,the woods
2727,2778391407,Santa Fe
2728,1535654438,"California, USA"
2729,131577825,Lexington
2730,65087144,Maryland and Florida
2731,2653001816,Atlanta
2732,2717103881,Somerset
2733,24978581,"Houston, TX"
2734,2230868707,"Nashville, TN"
2735,71470380,"Jamestown, ND"
2736,30116360,"Mead, OK "
2737,236160791,Miami
2738,202354518,"Dallas, Texas"
2739,2577046560,"Bayside, Queens"
2740,156291433,Planeta Rica Cordoba
2741,1617699704,QUILLA
2742,2355233558,Philadelphia
2743,2918254124,"Pullman, WA"
2744,271563643,Brentwood 
2745,351562427,"Asheboro, NC"
2746,1184086651,"Hollywood, California"
2747,372034291,Arkansas
2748,3013689936,"Abilene, TX"
2749,935971266,#COMMONWEALTHLIFE #VA #3WE
2750,2993847226,"United States, West Virginia"
2751,228859011,"York, SC, USA"
2752,333280583,georgia
2753,1239946016,willowfountain kwatomu
2754,336786804,New Orleans
2755,610150484,Irving/ATX 
2756,625978123,"Atlanta, GA"
2757,167557315,MEXICO
2758,50086235,"Orlando,Fl"
2759,1027772940,Oklahoma
2760,126649239,Bristol
2761,934332596,"Bellshill , glasgow "
2762,1844946517,miramar florida 
2763,31348680,"San Antonio, TX"
2764,1336264662,Austin
2765,21393860,New Jersey
2766,131022613,"Westminster, Colorado"
2767,2337363782,ISMAILIA
2768,969286723,Statesville NC
2769,3194572162,"Tallinn, Estonia"
2770,2213508637,Northern Virginia
2771,50416498,Pennsylvania
2772,463914929,Franklin
2773,395488273,"Kingston upon Thames, London"
2774,1026324968,Nashik
2775,103757998,"portland, oregon"
2776,286763621,BARQUISIMETO-VENEZUELA
2777,1153675478,Fresno
2778,320559670,"Minneapolis, MN"
2779,2932795417,"Saxtons River, VT"
2780,3642020355,"Coleman, FL"
2781,948436686,New Jersey
2782,926425916,"Six Nations (Part) 40, Ontario"
2783,543713428,MEDELLIN
2784,519635499,League City Tx
2785,21300612,"St. Louis, MO"
2786,430773936,"Halesworth, Suffolk UK"
2787,175988139,"Corpus Christi, TX."
2788,3291046074,"Archdale, NC"
2789,37271367,"SRQ, Florida"
2790,4837695975,Duval
2791,138098162,"LHR/MDN, PK"
2792,624164607,Essex UK
2793,92609819,"Missouri, USA"
2794,897989126,MEDAN
2795,575084947,INDIA
2796,1004609352,DUNFERMLINE - UK Wide
2797,258856255,bristol
2798,2269420436,california
2799,2209580336,NYC
2800,62659469,Hopefully On The Lake
2801,711162534,Stalking JLS like a pedo...:o
2802,51261203,Los Angeles
2803,2421128899,"Sacramento, CA"
2804,1022392111,"San Diego, CA"
2805,532741997,SANTA FE ARGENTINA
2806,348094474,South Yorkshire
2807,129949822,"Quito, Cumbaya"
2808,31323992,Harrisburg PA
2809,944732131,"Boise, Idaho"
2810,136563161,Georgia
2811,1013633750,"Leander, Texas"
2812,196044044,United Kingdom
2813,327118382,"New Jersey, Bridgeton"
2814,363645464,"Puerto Rico, USA"
2815,906723540,Nottingham
2816,52893956,California
2817,176085513,"Springfield, IL"
2818,4862706081,"New York, USA"
2819,170211028,for lauderdale fl
2820,55022068,"Michigan, USA"
2821,1398529489,Brooklyn / Portland / S√£o Paulo / Belgrade / Rio de Janeiro / Copenhagen
2822,359824016,"Las Vegas, Nevada// SIN CITY"
2823,185966638,"Covina,CA"
2824,4318975755,"Marietta, GA"
2825,65037497,CONTAGEM MG
2826,157202784,"san diego, california"
2827,3082593150,"Everett, WA and Snohomish Co."
2828,1579341000,modesto. 209. 
2829,106213619,North Carolina
2830,386242446,"Tempe, AZ"
2831,31038015,"Huntsville, AL"
2832,3315461090,"Santa Monica, CA"
2833,285214948,"Jersey Shore, NJ"
2834,2847779659,"North Las Vegas, NV"
2835,1389925632,BOSQUES NORTE
2836,22738880,"Vancouver, BC"
2837,436948098,Maryland
2838,952267464,Worcestershire
2839,1188489386,DeeAS!@112g
2840,3178833895,"Seattle, WA"
2841,2894023909,"Carson, CA"
2842,767831648,"Garden City, Missouri"
2843,499475999,USA
2844,4795112646,"Cheswick, PA"
2845,2203262300,"Cary, NC"
2846,503478686,Chicago
2847,2402958127,Surabaya
2848,121069971,"Oxford, United Kingdom"
2849,19491857,"Brooklyn, NY"
2850,76073074,"Cincinnati, OH"
2851,2946668307,"La Florida, Chile"
2852,2562123609,California LA
2853,3643747813,SHIZUOKA
2854,3205823399,"Orlando, FL"
2855,523811262,davidson county
2856,54942283,"Oshawa, Ontario, Canada"
2857,853310323,"Edinburg , Tx"
2858,1555734122,Waterbury
2859,527492301,"Thailand , USA , Laos"
2860,2493610255,"Seattle, WA"
2861,54022698,"RAdCliff,kENtUCkY"
2862,834382250,"New York, USA"
2863,2175244056,"Houston, TX"
2864,106207705,NC
2865,587923410,"AGRI,T√ºrkiye"
2866,328546002,"Los Angeles, CA"
2867,351072058,"Atlanta, GA"
2868,3173410990,"Miami, FL"
2869,65669325,"Tampa, Florida"
2870,196672355,monterrey nuevo leon
2871,353477631,North Carolina
2872,538602553,"Tampa, FL"
2873,261230261,"SAONER,NAGPUR,MAHARASHTRA"
2874,182747057,BURUNDI
2875,2306366258,Sanborn North Dakota.
2876,274065009,"Florida, USA"
2877,577587796,"Nashville, TN"
2878,2761129051,Persia. | Storybrooke.
2879,516098889,Oklahoma
2880,216482398,"Bowling Green, Kentucky"
2881,274298252,"Tampa, Florida"
2882,16118511,PA
2883,1536302059,"Atlanta, GA, USA"
2884,242564960,Lima Ohio
2885,4452114453,"Florence, Tuscany"
2886,242347766,"Odessa, Texas"
2887,918618614,Fort Worth
2888,431969682,maringa
2889,1896389430,Gauteng Johannesburg tsakane
2890,110449681,Staffordshire
2891,2180615793,KSA
2892,606224199,"Wichita Falls, TX"
2893,196318323,New York
2894,4048414283,"Texas, USA"
2895,1567154815,"Palisade village, NE, USA"
2896,2417434376,USA
2897,2418867567,"Wooster, OH"
2898,3890822067,Asheville NC 
2899,560952458,Indiana 
2900,263799341,STALKERVILE 
2901,600595356,"new orleans,lousisana"
2902,2443706348,Stoke ST1 3SD
2903,268059228,"The Woodlands, TX"
2904,710844044,HYDARABAD
2905,112953087,"PE, CO, ES, IL US"
2906,704174509,United Kingdom
2907,141080893,Phoenix  AZ
2908,409581936,Wakefield
2909,38353885,Bay Area
2910,359757408,New Haven
2911,553439209,"RAJA PARK,JAIPUR"
2912,396333360,"Pittsburgh, Pa"
2913,584356191,Poetry Texas
2914,2214638489,"Moncton, New Brunswick"
2915,240768302,"Baltimore,MD"
2916,40610674,Texas
2917,746635885,KOTA ANGGERIK
2918,179170358,"North Las Vegas, NV"
2919,2686596438,"Houston, TX"
2920,41379663,"Cincinnati, Ohio"
2921,1061764760,"GUALEGUAYCH√ö, ENTRE R√çOS"
2922,221829273,USA
2923,20455095,San Francisco
2924,493844040,San bernardino CAL
2925,322508940,Kent/Austria
2926,2374397077,Maxton North Carolina
2927,549596839,"Maryland, USA"
2928,18625851,el sereno
2929,606070907,"rialto,  ca"
2930,3006650680, Joinville SC
2931,160800022,"San Antonio, TX"
2932,66025822,utah
2933,2777235849,"francisco alvarez,Moreno"
2934,2876490190,"Toronto, Ontario"
2935,210811546,"Essex, England"
2936,92144494,Denver
2937,1531036980,"Georgia, USA"
2938,31779783,"Pekin, Illinois"
2939,189037218,Tucson
2940,496161081,ocean city 
2941,29267896,"De Witt, AR"
2942,603476230,Florida
2943,601165231,"California, USA"
2944,2814639775,"Manchester, England"
2945,237317747,"Atlanta, GA"
2946,32852265,tyler texas
2947,1135821906,Uruguay(mercedes)
2948,291850720,Staffordshire
2949,304760869,ATLANTA
2950,2784357819,"Scotland, United Kingdom"
2951,1491771168,"Fort Worth, TX"
2952,221643160,Alaska
2953,4106481737,75 North St. Pittsfield
2954,564039676,ALAIN‚ô°!
2955,209467528,surabaya
2956,2484467940,"Georgia, USA"
2957,3316879064,"Melbourne, Victoria"
2958,325164428,"Honolulu, Hawaii"
2959,35141987,"Cleveland, OH"
2960,25174551,Florida
2961,510674424,GA
2962,710068508,"Sparta, MI"
2963,4813232545,"San Diego, CA"
2964,263301056,"VERACRUZ, MEXICO"
2965,2313671449,"Birmingham, AL"
2966,982238630,tizi ouzou/algerie
2967,516769229,"Westchester, NY"
2968,402361064,birmingham
2969,1499677171,"Baha, Kingdom of Saudi Arabia"
2970,1864374738,"Samoa, CA"
2971,29985932,"elkhart,indiana"
2972,20475685,"Holly Springs, NC, USA"
2973,229180499,detroit
2974,616800542,"Argos town, IN, USA"
2975,127377326,"Tampa, Florida"
2976,561479162,"MAKKAH,Saudi Arabia"
2977,41975562,"Edwardsburg, MI"
2978,956682842,"Valdosta, GA"
2979,635414383,ALICANTE
2980,2200471982,USA
2981,20761727,"Severn Beach, Bristol."
2982,1228252788,"Jacksonville Beach, FL"
2983,441461331,"Grand Ledge, MI"
2984,1403713130,"Dunmore, PA"
2985,2462165436,Manchester
2986,319727540,THIRUVANANTHAPURAM
2987,3093859977,"Louisiana, USA"
2988,3166102353,"pawtucket, rhode island"
2989,75999432,"Los Angeles, CA"
2990,490746253,RI
2991,52222987,"Littleton, CO"
2992,21808323,"Seattle, WA"
2993,278917904,"Salt Lake City, UT"
2994,270016751,"Missouri, USA"
2995,835235695,Los Angeles
2996,1278448640,"uniontown, pa"
2997,3064099959,"Nanuet, NY"
2998,822881382,Sidoarjo-Surabaya
2999,2722855232,"Texas, USA"
3000,2312053747,surabaya
3001,2416489460,"Boca Raton, FL"
3002,51149914,AZ
3003,201257163,Atlanta
3004,83617266,"21 miles from Detroit, MI"
3005,70700387,"Levittown,NY"
3006,37465407,"Indiana, USA"
3007,3565121298,"Honolulu, HI"
3008,2943198857,"Sulphur, LA"
3009,711082327,Florida
3010,2861120602,ATLANDIDA
3011,301824403,"Memphis, TN"
3012,2324148916,BENƒ∞ TAKƒ∞P ETTTT ;)))
3013,2151125730,Arkansas
3014,4336563497,"Fayetteville, NC"
3015,17952448,Southern California
3016,90064758,MIAMI FL
3017,61309216,San Diego
3018,77222473,INDONESIA
3019,222134464,"Jacksonville, Oregon USA"
3020,82273104,"California, USA"
3021,3386049365,"San Francisco, CA"
3022,2711585664,Surabaya
3023,2223298966,Birmingham
3024,106863095,"Manchester, NH"
3025,2402152418,"Houston, TX"
3026,2168750058,SV - AU - DESC
3027,455400556,"Jacksonville, IL"
3028,17294409,"Arcadia, Florida"
3029,435246869,"St. Louis, Missouri"
3030,420564044,"Seattle, Washington"
3031,1880816017,New York
3032,3357053812,1D will follow me soon.
3033,179719473,Scranton:) PA
3034,1332145831,"Caryville town, FL, USA"
3035,126671057,"SEOUL,KOREA"
3036,29012651,Nationwide-USA
3037,2486057617,Birmingham
3038,536606165,Red Hour Films - Los Angeles
3039,343708251,clovis
3040,945037640,"Portsmouth, OH"
3041,570378335,Beaverton ON
3042,3067878795,Sector Zapara Av.5 #57A-28
3043,317102799,863-850-South Florida
3044,35949716,"Louisville, KY"
3045,2176341901,Indiana
3046,373691052,Charlottetown
3047,4662447868,Monterrey Nueva York
3048,94352043,"Michigan, USA"
3049,2592972565,"Arizona, USA"
3050,226129425,Kentucky
3051,177659385,Kingston 
3052,981520957,"Florida, USA"
3053,407140791,KAITHAL (HARYANA)
3054,219695387,england Cambridgeshire march x
3055,53429521,North Carolina
3056,4891983520,SAKARYA ADAPAZARI
3057,124332817,cleveland
3058,122484909,"Philadelphia, PA"
3059,981995214,Miami 
3060,1608055554,"United States, Utah"
3061,38377869,Tuscaloosa
3062,3294698687,Birmingham
3063,2885253364,/MNL PH/
3064,288179293,Idaho
3065,2178722029,San Marcos
3066,310672768,üìç USA üá∫üá∏
3067,3013251922,"California, USA"
3068,2865877073,"United States, Arkansas"
3069,208192482,virginia
3070,4198136788,"1471 E Osceola Pkwy, Orlando"
3071,1651496191,"117 w9th, ste1102 - LA, 90015"
3072,1554034964,"Ontario, Canada"
3073,483646939,springfield virginia
3074,30393421,"Miami, Florida ‚òÄ"
3075,57814373,"Arkansas, USA"
3076,3369285287,United Kingdom
3077,1855066556,"New Orleans, LA"
3078,1046879640,"Las Vegas, Nevada"
3079,75361370,"Denver, CO"
3080,361648529,"Phoenix, AZ"
3081,389751619,Texas
3082,385027078,"Greenville, SC"
3083,422096333,RIO DE JANEIRO
3084,535328868,KENYA
3085,1274786306,YOZGAT / BURDUR
3086,1853198989,Santa Cruz de la Sierra
3087,174130006,"Tempe, AZ"
3088,2869880873,NYC
3089,1515620131,Surabaya - Indonesia
3090,3127833030,chico ca
3091,935949902,Boston
3092,2471600222,California
3093,1296575402,"Denver, CO"
3094,396155704,"Virginia Beach, VA"
3095,1151196612,"Cape Coral, Florida"
3096,108842825,serravista 
3097,333646843,"Dallas, Texas."
3098,862102663,MOTRIL /GRANADA
3099,562467914,Texas
3100,3332850550,Connecticut
3101,363076018,Pauls Valley Oklahoma
3102,29494571,"hattiesburg,mississippi"
3103,587718570,"Corning, NY"
3104,46533165,New York
3105,395330139,West Virginia
3106,100683675,Florida
3107,1535238001,"Tempe, AZ"
3108,1531048651,PALOPO
3109,130602199,Gloucester :-S
3110,3128150027,"Toronto, Ontario"
3111,1961623868,United Kingdom
3112,2281028269,S.W Michigan
3113,375196859,CANCUN QUINTANA ROO
3114,15297727,"Richmond, VA"
3115,180656662,En el terreno de juego.
3116,144297341,"Boston, MA"
3117,3060002617,"Grand Prairie, TX"
3118,189339704,VGP -BRASIL
3119,2434296541,"Batavia, IL"
3120,1666236330,T.NEVES / ZONA OESTE
3121,120213355,tHEHKSZKDCFHK
3122,2233840612,"TURIN,ITALY"
3123,2901700417,"CANADA, Richmond "
3124,321736030,Santa Cruz do Capibaribe
3125,883885933,BRASIL
3126,4905656234,"California, USA"
3127,414216449,"Toronto, Ontario"
3128,4834280422,"Thorndale, PA"
3129,1026657992,Abilene tx
3130,139966067,"Berwyn ,ALBERTA"
3131,1041612152,"Denver, NC"
3132,589427952,Chicago
3133,487397599,Ivy League
3134,53686606,"Las Vegas, NV"
3135,409519080,"Gainesville, FL"
3136,495421106,North Carolina ( :
3137,1297285430,"Linden, MI"
3138,898972292,San Diego
3139,152382768,VALENCIA VENEZUELA
3140,100394214,Kentucky
3141,3788219653,South Dakota
3142,404203012,rocky hill
3143,1217681161,Los Angeles
3144,187904324,BOLIVIA
3145,3248442356,"Houston, TX"
3146,452383079,"Jersey Shore, bitch!"
3147,833672467,"Philadelphia, PA"
3148,584311809,Nebraska
3149,4179344993,"Windsor, Ontario"
3150,1921719572,Somerset
3151,2505908049,"Lexington, Kentucky, U.S.A."
3152,3957441563,"Brampton, Ontario"
3153,50944033,Florida
3154,246698316,USA
3155,1556485327,"Visalia, United States"
3156,105301975,USA
3157,2419557296,idahoington
3158,522100396,Surabaya
3159,2400655015,DFW Texas
3160,1034772222,TERNATE MALUKU UTARA
3161,742815036,surabaya
3162,2597541300,Macassart
3163,343109606,"Portland, OR"
3164,518368730,"Ventura, Cali"
3165,586188677,BLITAR
3166,228730305,"Florence, Italy"
3167,119948316,Martinique
3168,332422942,United Kingdom
3169,230531419,USA
3170,905763494,KOCAELƒ∞
3171,488756975,"Charlottesville, VA"
3172,615537838,"Sheffield, South Yorkshire"
3173,71848355,Kentucky
3174,3434478717,Texas
3175,290726204,San Diego
3176,516051723,i live in livingston nj
3177,2437677162,wilson NC
3178,117700179,"west yorkshire, UK"
3179,3427194165,"Swansboro, NC"
3180,2350641446,"Florence, Italy"
3181,42300786,Northampton 
3182,44428467,"Hamilton, Ontario, Canada"
3183,458107671,SC
3184,2743713819,"Georgia, USA"
3185,17102375,"Phoenix, AZ"
3186,2905862606,"Portland, OR"
3187,123257521,KOREA.seoul
3188,3294701268,"Reading, England"
3189,3343277290,"Massachusetts, USA"
3190,519833919,Newnan Georgia
3191,123080411,Oklahoma 
3192,1268430608,"Lushton village, NE, USA"
3193,84951482,"New York, USA"
3194,35545355,"Keystone Heights, Florida"
3195,17883934,CT
3196,1013967037,Texas usa
3197,3888863525,"Kalamazoo, MI"
3198,47487839,USA
3199,1308927960,"Los Angeles, CA"
3200,182833000,CELAYA
3201,141812710,USA EveryCity
3202,3598773914,USA
3203,3952218437,"35 Harvard rd. Guelph, Ontario"
3204,2738993251,San Francisco
3205,28210666,Henderson Nevada
3206,38978866,Concord CA
3207,2927440039,"Newman, CA"
3208,53979893,"Chico, CA"
3209,263907640,Eugene Oregon
3210,2183180255,New York
3211,579125784,WA
3212,706817613,Detroit Paradise
3213,3092778641,"New York, NY"
3214,170407398,"Boca Raton, FL"
3215,3274759471,"Amarillo, TX"
3216,1072861098,"Fairbanks, AK"
3217,2300278836,"Atlanta,GA"
3218,924508482,"Tulsa, OK"
3219,630631921,CA
3220,28987162,"Pinellas Park, FL"
3221,1493237514,"Richmond, VA"
3222,29695250,"Houston, TX"
3223,2213345023,"North Augusta, South Carolina"
3224,16794842,"Los Angeles, CA"
3225,490692356,San Diego
3226,3330398873,new york
3227,2496504062,Manchester
3228,992076643,"Keene Ontario,Canada"
3229,2757953347,USA
3230,81652725,"New York, USA"
3231,262499830,california usa
3232,257531474,"Clearwater, Fla"
3233,1636025473,Hampton in Arden
3234,37314848,Boston
3235,1080051626,"Grenoble, France"
3236,2191964146,New York
3237,3008909453,"San Diego, CA"
3238,509076376,Baltimore
3239,1854743198,NIGERIA
3240,274806055,"Seattle, WA"
3241,1067729678,Texas 
3242,1154743244,RIAU
3243,81191714,"Lincoln Park, NJ"
3244,1382945755,Woodbury Minnesota
3245,3132380125,"San Jose, CA"
3246,4832073113,"Atlanta, GA"
3247,613900619,TRENTON
3248,207704613,"Durham, NC"
3249,2535726710,"Portland, Oregon"
3250,436690697,"Jubail Industrial City, Kingdom of Saudi Arabia"
3251,1251780667,NASIK
3252,242098284,"Cedar Rapids, IA"
3253,2894161685,"Elizabethtown, PA"
3254,257824835,"clarksville, tennessee"
3255,140822555,MIAMI-DADE
3256,311055445,Alcorn State/Wayne County
3257,164344116,"Toledo, Brasil"
3258,408203197,"Gulf Shores, Alabama"
3259,852540931,"Denver, CO"
3260,1064862170,"Jammu, Jammu & Kashmir, INDIA"
3261,560319631,"Salem, India"
3262,2471721730,Baycity Michigan Go Wings!!
3263,261244898,INDIA
3264,112657154,Ha'apai TONGA
3265,2198355288,"Basildon, Essex, England"
3266,358633974,Lowell MA
3267,350351639,Palatine IL
3268,437203805,San Marcos California
3269,105872631,United KingDom
3270,66909340,"Phoenix, Arizona"
3271,376489612,BRASIL
3272,1558716656,la concordia
3273,1183641234,Kingdom of Saudi Arabia
3274,4341758114,Sacramento
3275,1428037524,Missouri
